,einsatz_angelegt_datum,einsaetze_anzahl_alle,einsaetze_anzahl_brand,einsaetze_anzahl_rettungsdienst,einsaetze_anzahl_technische_hilfeleistung,einsaetze_anzahl_rettungsdienst_mit_technischer_hilfeleistung,einsaetze_anzahl_sonstige
0,2018-01-01,2235,393,1744,58,40,0
1,2018-01-02,1242,34,1135,42,31,0
2,2018-01-03,1358,32,1223,43,60,0
3,2018-01-04,1310,30,1189,35,56,0
4,2018-01-05,1270,38,1159,33,39,1
5,2018-01-06,1180,54,1059,28,37,1
6,2018-01-07,1095,36,1005,26,27,1
7,2018-01-08,1223,34,1121,23,45,0
8,2018-01-09,1206,39,1091,40,35,1
9,2018-01-10,1207,43,1089,27,47,1
10,2018-01-11,1249,32,1135,29,53,0
11,2018-01-12,1210,36,1109,37,26,2
12,2018-01-13,1209,43,1089,30,46,1
13,2018-01-14,1152,38,1054,32,27,1
14,2018-01-15,1283,38,1168,31,45,1
15,2018-01-16,1319,28,1180,51,60,0
16,2018-01-17,1273,30,1133,53,57,0
17,2018-01-18,1420,32,1247,80,61,0
18,2018-01-19,1314,31,1193,36,52,2
19,2018-01-20,1311,35,1205,35,36,0
20,2018-01-21,1298,39,1198,22,39,0
21,2018-01-22,1364,33,1250,34,46,1
22,2018-01-23,1315,33,1198,38,45,1
23,2018-01-24,1365,26,1238,46,53,2
24,2018-01-25,1380,30,1240,53,57,0
25,2018-01-26,1475,32,1316,55,71,0
26,2018-01-27,1425,34,1321,34,35,0
27,2018-01-28,1191,23,1108,24,35,1
28,2018-01-29,1381,24,1260,45,51,1
29,2018-01-30,1196,22,1111,29,34,0
30,2018-01-31,1325,27,1208,42,48,0
31,2018-02-01,1389,24,1285,31,48,0
32,2018-02-02,1388,33,1270,40,45,0
33,2018-02-03,1268,28,1165,36,39,0
34,2018-02-04,1189,23,1111,25,30,0
35,2018-02-05,1298,30,1170,42,55,1
36,2018-02-06,1229,37,1097,43,50,2
37,2018-02-07,1293,36,1176,41,39,1
38,2018-02-08,1279,36,1174,28,40,1
39,2018-02-09,1306,37,1186,46,37,0
40,2018-02-10,1305,27,1207,37,34,0
41,2018-02-11,1255,25,1165,35,30,0
42,2018-02-12,1413,28,1307,32,44,2
43,2018-02-13,1368,37,1251,37,43,0
44,2018-02-14,1181,28,1064,33,55,1
45,2018-02-15,1357,37,1227,39,54,0
46,2018-02-16,1437,36,1313,40,48,0
47,2018-02-17,1332,30,1210,43,48,1
48,2018-02-18,1286,43,1174,36,33,0
49,2018-02-19,1447,35,1317,38,56,1
50,2018-02-20,1365,41,1225,38,61,0
51,2018-02-21,1359,35,1233,34,55,2
52,2018-02-22,1377,38,1250,37,52,0
53,2018-02-23,1334,43,1204,44,43,0
54,2018-02-24,1317,42,1189,45,41,0
55,2018-02-25,1314,42,1174,52,45,1
56,2018-02-26,1361,45,1211,56,48,0
57,2018-02-27,1318,41,1174,51,51,1
58,2018-02-28,1441,43,1271,69,57,1
59,2018-03-01,1431,35,1307,54,34,1
60,2018-03-02,1491,38,1322,80,51,0
61,2018-03-03,1448,41,1299,63,44,1
62,2018-03-04,1447,48,1282,83,34,0
63,2018-03-05,1809,37,1643,71,56,1
64,2018-03-06,1501,35,1354,50,60,2
65,2018-03-07,1500,29,1334,72,62,2
66,2018-03-08,1533,28,1399,64,42,0
67,2018-03-09,1532,35,1396,55,46,0
68,2018-03-10,1513,37,1368,55,53,0
69,2018-03-11,1551,35,1428,46,42,0
70,2018-03-12,1503,28,1371,45,59,0
71,2018-03-13,1442,36,1312,40,52,1
72,2018-03-14,1439,31,1313,49,46,0
73,2018-03-15,1406,32,1286,31,57,0
74,2018-03-16,1332,29,1213,39,51,0
75,2018-03-17,1311,40,1171,64,36,0
76,2018-03-18,1341,45,1174,83,38,1
77,2018-03-19,1452,50,1301,58,42,0
78,2018-03-20,1290,23,1178,48,41,0
79,2018-03-21,1327,32,1195,44,55,1
80,2018-03-22,1233,31,1108,41,52,0
81,2018-03-23,1306,26,1189,47,42,1
82,2018-03-24,1278,27,1182,33,35,1
83,2018-03-25,1268,42,1145,36,42,2
84,2018-03-26,1303,29,1206,28,40,0
85,2018-03-27,1017,27,933,17,39,0
86,2018-03-29,1286,38,1153,45,50,0
87,2018-03-30,1204,27,1115,28,32,1
88,2018-03-31,1207,34,1082,38,53,0
89,2018-04-01,1181,21,1084,33,43,0
90,2018-04-02,1113,33,1009,31,37,2
91,2018-04-03,1423,52,1274,48,48,1
92,2018-04-04,1407,51,1233,64,59,0
93,2018-04-05,1236,33,1094,56,53,0
94,2018-04-06,1288,53,1129,52,54,0
95,2018-04-07,1307,52,1154,49,52,0
96,2018-04-08,1346,61,1215,36,34,0
97,2018-04-09,1427,35,1285,63,42,1
98,2018-04-10,1380,44,1236,44,56,0
99,2018-04-11,1345,36,1203,48,57,1
100,2018-04-12,1292,28,1149,48,65,0
101,2018-04-13,1294,32,1168,50,43,0
102,2018-04-14,1240,38,1099,57,45,1
103,2018-04-15,1196,47,1068,45,36,0
104,2018-04-16,1242,31,1090,53,66,1
105,2018-04-17,1198,33,1072,36,57,0
106,2018-04-18,1254,43,1117,44,50,0
107,2018-04-19,1237,43,1091,41,61,0
108,2018-04-20,1469,48,1301,67,52,1
109,2018-04-21,1275,56,1139,38,42,0
110,2018-04-22,1167,38,1036,51,41,1
111,2018-04-23,1364,41,1224,41,57,0
112,2018-04-24,1231,25,1097,50,53,2
113,2018-04-25,1229,36,1073,69,48,1
114,2018-04-26,1184,39,1055,34,52,1
115,2018-04-27,1204,24,1077,43,54,3
116,2018-04-28,1347,39,1212,46,45,0
117,2018-04-29,1177,29,1079,35,32,1
118,2018-04-30,1244,41,1088,52,57,2
119,2018-05-01,1211,45,1081,49,34,0
120,2018-05-02,1349,41,1224,40,43,1
121,2018-05-03,1253,35,1103,47,64,3
122,2018-05-04,1221,34,1096,44,41,2
123,2018-05-05,1221,37,1081,57,43,0
124,2018-05-06,1185,34,1062,45,43,0
125,2018-05-07,1365,38,1219,45,59,1
126,2018-05-08,1319,32,1169,60,55,1
127,2018-05-09,1421,42,1256,55,62,1
128,2018-05-10,1242,46,1097,43,53,0
129,2018-05-11,1251,40,1110,46,51,0
130,2018-05-12,1279,38,1140,51,48,0
131,2018-05-13,1349,41,1206,47,49,0
132,2018-05-14,1405,66,1208,65,66,0
133,2018-05-15,1332,61,1105,108,56,0
134,2018-05-16,1223,27,1118,37,39,1
135,2018-05-17,1294,31,1153,55,51,1
136,2018-05-18,1174,38,1049,34,49,0
137,2018-05-19,1244,54,1095,46,46,0
138,2018-05-20,1274,46,1122,57,44,0
139,2018-05-21,1077,57,940,35,42,0
140,2018-05-22,1336,52,1157,53,70,0
141,2018-05-23,1245,49,1094,48,52,0
142,2018-05-24,1253,47,1083,57,63,1
143,2018-05-25,1288,61,1121,52,53,0
144,2018-05-26,1257,46,1128,46,36,0
145,2018-05-27,1240,36,1102,56,43,0
146,2018-05-28,1313,36,1149,63,61,0
147,2018-05-29,1317,39,1134,68,75,0
148,2018-05-30,1428,47,1245,65,68,0
149,2018-05-31,1436,46,1257,66,64,0
150,2018-06-01,1570,77,1301,133,58,0
151,2018-06-02,1324,40,1137,86,53,2
152,2018-06-03,1293,35,1148,54,48,2
153,2018-06-04,1370,44,1217,47,61,0
154,2018-06-05,1267,40,1106,52,66,1
155,2018-06-06,1327,52,1154,59,60,0
156,2018-06-08,1377,42,1204,51,76,1
157,2018-06-09,1386,60,1212,57,56,0
158,2018-06-10,1271,45,1130,54,40,0
159,2018-06-11,1383,37,1219,63,57,1
160,2018-06-12,1265,30,1139,39,52,0
161,2018-06-13,1172,40,1020,45,62,0
162,2018-06-14,1267,47,1124,44,52,0
163,2018-06-15,1280,48,1119,58,53,0
164,2018-06-16,1301,41,1175,44,39,0
165,2018-06-17,1185,44,1062,47,29,1
166,2018-06-18,1315,45,1157,62,48,0
167,2018-06-19,1266,39,1116,41,68,0
168,2018-06-20,1246,40,1096,46,56,0
169,2018-06-21,1363,35,1141,126,58,1
170,2018-06-22,1193,30,1056,46,53,0
171,2018-06-23,1121,35,991,41,48,0
172,2018-06-24,1063,35,934,44,45,1
173,2018-06-25,1154,38,1039,36,40,0
174,2018-06-26,1176,30,1046,45,51,0
175,2018-06-27,1245,50,1094,45,55,0
176,2018-06-28,1347,37,1194,56,54,0
177,2018-06-29,1396,49,1218,49,78,2
178,2018-06-30,1390,51,1225,54,53,2
179,2018-07-01,1239,55,1099,41,40,0
180,2018-07-02,1314,42,1173,55,43,1
181,2018-07-03,1384,63,1181,70,67,1
182,2018-07-04,1344,60,1178,52,52,0
183,2018-07-05,1397,58,1221,53,59,0
184,2018-07-06,1231,52,1073,47,56,0
185,2018-07-07,1193,56,1045,47,43,0
186,2018-07-08,1195,41,1063,47,41,0
187,2018-07-09,1216,46,1055,43,64,1
188,2018-07-10,1066,45,939,34,47,1
189,2018-07-11,1143,40,981,57,63,0
190,2018-07-12,1330,50,1045,169,64,0
191,2018-07-13,1248,41,1098,52,52,1
192,2018-07-14,1197,38,1037,59,62,0
193,2018-07-15,1088,26,979,32,49,0
194,2018-07-16,1288,35,1128,49,71,0
195,2018-07-17,1182,49,1017,50,59,0
196,2018-07-18,1106,32,981,41,51,0
197,2018-07-19,1306,37,1118,65,76,3
198,2018-07-20,1246,37,1097,44,65,0
199,2018-07-21,1212,36,1075,47,51,0
200,2018-07-22,1151,48,991,61,47,0
201,2018-07-23,1287,38,1131,53,60,0
202,2018-07-24,1226,39,1065,66,52,0
203,2018-07-25,1299,46,1125,67,54,0
204,2018-07-26,1335,57,1115,77,79,2
205,2018-07-27,1382,46,1171,88,70,0
206,2018-07-28,1425,50,1218,85,70,0
207,2018-07-29,1253,41,1061,82,66,0
208,2018-07-30,1368,42,1185,61,76,1
209,2018-07-31,1320,59,1148,52,60,0
210,2018-08-01,1441,56,1249,69,66,0
211,2018-08-02,1364,40,1195,54,73,1
212,2018-08-03,1331,48,1140,69,71,0
213,2018-08-04,1404,54,1229,59,59,0
214,2018-08-05,1299,43,1135,69,51,0
215,2018-08-06,1383,62,1177,67,73,2
216,2018-08-07,1404,71,1197,59,75,0
217,2018-08-08,1382,52,1205,56,60,1
218,2018-08-09,1330,42,1136,68,81,0
219,2018-08-10,1265,41,1107,52,61,0
220,2018-08-11,1220,40,1077,45,57,0
221,2018-08-12,1171,42,1030,36,62,0
222,2018-08-13,1369,54,1198,43,70,0
223,2018-08-14,1239,41,1091,48,58,0
224,2018-08-15,1243,53,1087,34,68,0
225,2018-08-16,1274,65,1078,52,78,0
226,2018-08-17,1289,43,1111,50,81,1
227,2018-08-18,1256,56,1073,55,71,0
228,2018-08-19,1161,50,1039,31,36,0
229,2018-08-20,1238,37,1080,42,76,0
230,2018-08-21,1172,39,1037,34,59,1
231,2018-08-22,1274,53,1075,52,91,0
232,2018-08-23,1363,78,1168,52,63,0
233,2018-08-24,1241,47,1089,41,59,0
234,2018-08-25,1251,49,1095,59,47,0
235,2018-08-26,1174,49,1030,47,47,0
236,2018-08-27,1228,47,1080,35,63,0
237,2018-08-28,1140,44,993,47,55,0
238,2018-08-29,1224,47,1078,39,56,0
239,2018-08-30,1284,38,1139,45,57,0
240,2018-08-31,1306,42,1138,53,72,0
241,2018-09-01,1292,42,1141,61,44,1
242,2018-09-02,1237,36,1118,34,47,0
243,2018-09-03,1399,34,1224,70,66,0
244,2018-09-04,1332,42,1177,40,67,0
245,2018-09-05,1249,49,1105,48,44,0
246,2018-09-06,1339,47,1178,58,50,0
247,2018-09-07,1288,40,1132,36,79,1
248,2018-09-08,1342,53,1169,56,62,0
249,2018-09-09,1306,44,1142,56,60,0
250,2018-09-10,1313,50,1153,42,65,1
251,2018-09-11,1282,46,1118,51,63,0
252,2018-09-12,1349,43,1217,32,53,0
253,2018-09-13,1192,39,1068,29,51,1
254,2018-09-14,1243,39,1088,43,68,0
255,2018-09-15,1211,33,1079,49,46,2
256,2018-09-16,1280,51,1128,42,53,3
257,2018-09-17,1329,59,1151,45,69,0
258,2018-09-18,1297,60,1116,55,62,0
259,2018-09-19,1283,67,1095,40,80,0
260,2018-09-20,1244,59,1078,48,57,0
261,2018-09-21,1324,51,1088,99,82,0
262,2018-09-22,1129,39,978,53,58,0
263,2018-09-23,1109,34,962,57,56,0
264,2018-09-24,1180,31,1004,69,76,0
265,2018-09-25,1163,41,1003,57,59,0
266,2018-09-26,1162,44,1003,43,69,0
267,2018-09-27,1327,33,1164,51,78,0
268,2018-09-28,1225,33,1095,38,57,0
269,2018-09-29,1235,53,1057,53,70,0
270,2018-09-30,1205,39,1065,40,56,0
271,2018-10-01,1242,45,1106,41,48,0
272,2018-10-02,1140,32,995,40,68,0
273,2018-10-03,1046,33,920,43,49,0
274,2018-10-04,1286,38,1117,40,87,0
275,2018-10-05,1263,54,1091,39,77,0
276,2018-10-06,1300,51,1158,44,44,0
277,2018-10-07,1145,49,1003,41,48,0
278,2018-10-08,1258,47,1101,47,58,0
279,2018-10-09,1230,47,1066,27,87,0
280,2018-10-10,1287,38,1127,38,83,0
281,2018-10-11,1261,46,1105,38,68,1
282,2018-10-12,1335,42,1162,45,83,0
283,2018-10-13,1342,57,1159,53,69,1
284,2018-10-14,1180,42,1044,34,56,0
285,2018-10-15,1303,49,1132,42,77,0
286,2018-10-16,1277,54,1122,34,65,0
287,2018-10-17,1278,48,1119,43,67,0
288,2018-10-18,1251,39,1095,50,64,0
289,2018-10-19,1254,40,1104,41,67,0
290,2018-10-20,1151,50,1005,36,60,0
291,2018-10-21,1131,47,1002,31,50,0
292,2018-10-22,1175,45,1007,39,82,0
293,2018-10-23,1201,33,1028,57,79,0
294,2018-10-24,1191,44,1030,51,63,1
295,2018-10-25,1152,42,996,42,69,0
296,2018-10-26,1141,33,1021,30,48,0
297,2018-10-27,1061,29,947,39,46,0
298,2018-10-28,1164,45,1036,29,52,0
299,2018-10-29,1182,30,1047,40,62,0
300,2018-10-30,1301,43,1115,59,81,0
301,2018-10-31,1286,65,1101,44,74,0
302,2018-11-01,1248,36,1108,37,65,0
303,2018-11-02,1235,47,1095,37,53,0
304,2018-11-03,1200,42,1057,32,65,1
305,2018-11-04,1144,40,1026,23,53,0
306,2018-11-05,1265,35,1125,36,69,0
307,2018-11-06,1291,32,1153,39,66,0
308,2018-11-07,1275,39,1115,39,77,2
309,2018-11-08,1263,46,1115,36,64,0
310,2018-11-09,1239,27,1083,36,91,0
311,2018-11-10,1227,42,1090,44,48,1
312,2018-11-11,1182,35,1033,40,71,0
313,2018-11-12,1280,38,1135,31,73,0
314,2018-11-13,1204,41,1042,38,83,0
315,2018-11-14,1261,40,1115,35,67,0
316,2018-11-15,1156,24,1032,32,64,0
317,2018-11-16,1148,32,1001,37,73,0
318,2018-11-17,1156,34,1018,42,58,0
319,2018-11-18,1195,29,1068,37,59,0
320,2018-11-19,1291,49,1103,43,94,0
321,2018-11-20,1167,41,1026,38,58,0
322,2018-11-21,1144,34,1033,24,53,0
323,2018-11-22,1311,36,1174,42,54,0
324,2018-11-23,1190,32,1071,33,54,0
325,2018-11-24,1264,45,1115,31,68,0
326,2018-11-25,1225,36,1094,30,62,0
327,2018-11-26,1271,36,1126,42,65,0
328,2018-11-27,1224,43,1057,40,80,0
329,2018-11-28,1260,49,1110,38,61,0
330,2018-11-29,1147,27,1026,33,55,2
331,2018-11-30,1427,45,1237,54,82,0
332,2018-12-01,1317,30,1159,57,70,0
333,2018-12-02,1188,33,1075,26,54,0
334,2018-12-03,1368,35,1191,54,84,0
335,2018-12-04,1339,26,1190,46,74,0
336,2018-12-05,1318,40,1164,34,77,0
337,2018-12-06,1304,23,1174,30,73,0
338,2018-12-07,1397,31,1233,53,73,0
339,2018-12-08,1292,20,1147,58,60,0
340,2018-12-09,1241,22,1116,46,57,0
341,2018-12-10,1376,28,1220,54,73,0
342,2018-12-11,1267,25,1115,45,77,1
343,2018-12-12,1284,41,1136,33,72,0
344,2018-12-13,1321,33,1190,36,59,0
345,2018-12-14,1262,43,1107,34,78,0
346,2018-12-15,1288,30,1153,33,71,0
347,2018-12-16,1193,24,1081,34,52,0
348,2018-12-17,1243,32,1103,41,65,0
349,2018-12-18,1248,41,1091,34,79,0
350,2018-12-19,1270,25,1122,39,77,0
351,2018-12-20,1292,35,1145,38,71,0
352,2018-12-21,1366,29,1194,52,87,0
353,2018-12-22,1278,39,1111,62,63,0
354,2018-12-23,1218,25,1075,42,73,0
355,2018-12-24,1169,34,1054,29,49,0
356,2018-12-25,1055,32,946,26,50,0
357,2018-12-26,1040,25,939,31,44,0
358,2018-12-27,1226,27,1098,33,64,1
359,2018-12-28,1259,35,1125,44,54,0
360,2018-12-29,1198,38,1055,47,54,0
361,2018-12-30,1118,34,989,43,52,0
362,2018-12-31,1355,152,1090,39,66,5
363,2019-01-01,2060,337,1578,71,56,15
364,2019-01-02,1203,31,1074,45,52,0
365,2019-01-03,1275,38,1142,44,50,0
366,2019-01-04,1202,20,1091,35,54,0
367,2019-01-05,1193,32,1078,42,37,0
368,2019-01-06,1115,35,992,35,46,0
369,2019-01-07,1281,37,1137,38,68,0
370,2019-01-08,1212,29,1067,41,74,0
371,2019-01-09,1158,24,1029,33,68,0
372,2019-01-10,1004,27,895,24,57,0
373,2019-01-11,1198,38,1049,40,67,0
374,2019-01-12,1223,34,1085,44,55,0
375,2019-01-13,1191,30,1067,30,61,0
376,2019-01-14,1297,32,1124,64,74,0
377,2019-01-15,1245,40,1098,45,60,0
378,2019-01-16,1243,12,1126,40,58,0
379,2019-01-17,1192,27,1080,17,65,0
380,2019-01-18,1306,34,1163,38,68,0
381,2019-01-19,1246,43,1110,34,58,0
382,2019-01-20,1219,37,1073,40,62,0
383,2019-01-21,1296,33,1150,31,78,0
384,2019-01-22,1262,28,1134,42,56,0
385,2019-01-23,1268,33,1148,22,65,0
386,2019-01-24,1232,32,1108,32,57,0
387,2019-01-25,1328,42,1182,40,62,0
388,2019-01-26,1228,33,1088,56,49,0
389,2019-01-27,1221,30,1068,55,63,1
390,2019-01-28,1471,28,1309,45,81,0
391,2019-01-29,1228,28,1090,39,70,0
392,2019-01-30,1299,31,1172,40,55,0
393,2019-01-31,1366,32,1230,38,59,0
394,2019-02-01,1365,19,1227,45,73,0
395,2019-02-02,1253,30,1125,43,49,0
396,2019-02-03,1216,23,1099,31,59,0
397,2019-02-04,1387,48,1221,35,76,1
398,2019-02-05,1299,32,1164,32,67,0
399,2019-02-06,1389,35,1255,33,55,1
400,2019-02-07,1346,31,1205,40,68,0
401,2019-02-08,1290,31,1167,24,58,0
402,2019-02-09,1301,38,1134,52,71,0
403,2019-02-10,1237,23,1103,46,64,0
404,2019-02-11,1359,24,1226,42,65,0
405,2019-02-12,1277,24,1164,32,50,0
406,2019-02-13,1256,34,1111,39,68,1
407,2019-02-14,1311,32,1177,35,65,0
408,2019-02-15,1418,47,1254,38,77,0
409,2019-02-16,1334,44,1179,33,72,0
410,2019-02-17,1285,49,1146,33,49,1
411,2019-02-18,1345,33,1201,43,66,0
412,2019-02-19,1294,40,1147,42,62,1
413,2019-02-20,1283,31,1153,42,53,1
414,2019-02-21,1363,19,1233,45,62,0
415,2019-02-22,1252,44,1086,40,81,0
416,2019-02-23,1285,41,1125,35,80,0
417,2019-02-24,1179,27,1074,27,49,0
418,2019-02-25,1298,45,1141,42,64,1
419,2019-02-26,1212,30,1096,35,49,0
420,2019-02-27,1331,40,1168,56,63,0
421,2019-02-28,1314,32,1179,41,60,0
422,2019-03-01,1382,36,1250,33,62,0
423,2019-03-02,1399,39,1269,38,50,0
424,2019-03-03,1271,29,1171,33,35,0
425,2019-03-04,1469,32,1211,162,61,1
426,2019-03-05,1351,40,1192,54,64,0
427,2019-03-06,1314,39,1173,33,64,0
428,2019-03-07,1383,36,1243,47,54,0
429,2019-03-08,1171,28,1015,78,48,0
430,2019-03-09,1294,30,1118,69,73,0
431,2019-03-10,1220,30,1098,46,44,0
432,2019-03-11,1272,27,1119,48,76,0
433,2019-03-12,1270,32,1157,37,43,0
434,2019-03-13,1324,34,1177,52,58,0
435,2019-03-14,1277,33,1113,51,78,0
436,2019-03-15,1320,45,1179,45,49,0
437,2019-03-16,1324,34,1177,48,61,2
438,2019-03-17,1203,25,1103,33,39,0
439,2019-03-18,1276,14,1153,41,65,0
440,2019-03-19,1244,39,1112,31,59,0
441,2019-03-20,1268,44,1112,35,74,0
442,2019-03-21,1244,30,1117,32,60,0
443,2019-03-22,1310,42,1156,54,52,0
444,2019-03-23,1225,38,1096,37,53,0
445,2019-03-24,1176,35,1064,38,35,0
446,2019-03-25,1233,36,1085,38,68,0
447,2019-03-26,1200,37,1051,40,70,0
448,2019-03-27,1199,38,1070,30,58,0
449,2019-03-28,1157,31,1015,53,56,0
450,2019-03-29,1369,45,1220,40,59,0
451,2019-03-30,1413,45,1250,49,63,0
452,2019-03-31,1149,38,1019,36,51,0
453,2019-04-01,1382,34,1222,55,68,0
454,2019-04-02,1245,38,1062,49,95,0
455,2019-04-03,1423,36,1267,45,72,0
456,2019-04-04,1461,43,1305,39,69,0
457,2019-04-05,1402,34,1251,45,67,0
458,2019-04-06,1438,48,1265,66,57,0
459,2019-04-07,1427,43,1270,42,67,2
460,2019-04-08,1396,52,1227,41,72,0
461,2019-04-09,1305,23,1171,38,70,0
462,2019-04-10,1339,30,1202,37,68,0
463,2019-04-11,1234,42,1083,41,67,0
464,2019-04-12,1272,44,1111,33,77,0
465,2019-04-13,1177,42,1031,40,63,0
466,2019-04-14,1196,30,1077,37,51,0
467,2019-04-15,1237,44,1088,28,72,0
468,2019-04-16,1226,51,1079,34,61,0
469,2019-04-17,1251,45,1090,37,76,0
470,2019-04-18,1294,55,1103,57,76,0
471,2019-04-19,1223,56,1049,46,64,0
472,2019-04-20,1342,75,1169,41,55,0
473,2019-04-21,1280,51,1119,55,53,0
474,2019-04-22,1134,60,972,53,48,0
475,2019-04-23,1350,62,1127,85,72,0
476,2019-04-24,1266,56,1105,43,58,0
477,2019-04-25,1379,87,1161,56,71,0
478,2019-04-26,1442,66,1248,60,63,0
479,2019-04-27,1257,41,1097,49,61,0
480,2019-04-28,1146,23,1035,30,55,0
481,2019-04-29,1277,24,1139,48,65,0
482,2019-04-30,1350,44,1171,49,85,1
483,2019-05-01,1300,39,1182,26,50,0
484,2019-05-02,1226,32,1092,41,56,0
485,2019-05-03,1261,36,1098,44,78,0
486,2019-05-04,1203,36,1074,32,56,0
487,2019-05-05,1141,47,1007,35,48,0
488,2019-05-06,1256,37,1078,58,80,1
489,2019-05-07,1257,45,1116,44,45,0
490,2019-05-08,1305,50,1136,47,69,0
491,2019-05-09,1359,37,1192,48,77,2
492,2019-05-10,1283,27,1167,32,53,0
493,2019-05-11,1253,59,1075,51,64,0
494,2019-05-12,1294,58,1131,40,61,2
495,2019-05-13,1283,44,1119,52,66,1
496,2019-05-14,1172,55,989,51,72,0
497,2019-05-15,1228,51,1091,34,45,0
498,2019-05-16,1276,39,1082,69,76,0
499,2019-05-17,1319,40,1138,55,82,0
500,2019-05-18,1401,49,1232,66,52,1
501,2019-05-19,1315,51,1150,49,65,0
502,2019-05-20,1589,49,1253,200,82,0
503,2019-05-21,1353,51,1155,56,83,0
504,2019-05-22,1285,35,1123,54,70,0
505,2019-05-23,1355,39,1177,45,87,0
506,2019-05-24,1372,76,1174,50,70,0
507,2019-05-25,1318,64,1133,58,58,1
508,2019-05-26,1244,45,1088,53,57,0
509,2019-05-27,1356,67,1185,47,56,0
510,2019-05-28,1289,73,1090,43,79,1
511,2019-05-29,1319,95,1092,39,86,0
512,2019-05-30,1301,114,1087,44,54,0
513,2019-05-31,1394,55,1207,70,54,0
514,2019-06-01,1422,44,1239,67,71,0
515,2019-06-02,1392,53,1202,58,73,1
516,2019-06-03,1654,90,1395,97,69,0
517,2019-06-04,1489,58,1256,81,91,0
518,2019-06-05,1532,63,1315,75,75,0
519,2019-06-06,1544,53,1323,85,80,0
520,2019-06-07,1505,30,1293,93,83,1
521,2019-06-08,1364,34,1202,78,48,0
522,2019-06-09,1385,41,1255,42,44,0
523,2019-06-10,1207,38,1071,49,47,0
524,2019-06-11,1392,50,1188,76,74,0
525,2019-06-12,1984,60,1194,631,94,0
526,2019-06-13,1461,64,1187,133,77,0
527,2019-06-14,1455,46,1255,81,70,1
528,2019-06-15,1528,45,1287,127,67,0
529,2019-06-16,1317,45,1157,64,48,1
530,2019-06-17,1399,46,1193,66,91,0
531,2019-06-18,1471,60,1249,69,91,1
532,2019-06-19,1370,48,1185,61,72,0
533,2019-06-20,1406,42,1222,66,71,0
534,2019-06-21,1363,41,1172,60,87,0
535,2019-06-22,1351,38,1179,62,68,0
536,2019-06-23,1217,38,1064,47,64,0
537,2019-06-24,1344,67,1125,64,87,0
538,2019-06-25,1367,85,1074,67,63,0
539,2019-06-26,1435,59,1184,76,81,0
540,2019-06-27,1340,75,1064,68,101,0
541,2019-06-28,1307,57,1069,70,70,0
542,2019-06-29,1429,61,1198,53,72,0
543,2019-06-30,1433,73,1192,80,52,0
544,2019-07-01,1364,58,1115,64,99,1
545,2019-07-02,1296,74,1067,48,70,1
546,2019-07-03,1221,51,1043,41,61,0
547,2019-07-04,1292,65,1079,66,59,0
548,2019-07-05,1268,45,1088,41,60,1
549,2019-07-06,1262,31,1076,60,68,0
550,2019-07-07,1079,30,920,35,57,0
551,2019-07-08,1280,39,1096,41,76,0
552,2019-07-09,1208,27,1023,49,73,0
553,2019-07-10,1223,48,1018,42,72,0
554,2019-07-11,1237,50,1026,44,78,0
555,2019-07-12,1285,33,1082,61,68,0
556,2019-07-13,1210,39,1052,42,49,0
557,2019-07-14,1117,29,954,52,57,0
558,2019-07-15,1180,45,1008,38,62,0
559,2019-07-16,1204,44,1036,43,56,2
560,2019-07-17,1309,54,1112,38,63,0
561,2019-07-18,1334,55,1105,57,79,0
562,2019-07-19,1233,39,1061,40,59,0
563,2019-07-20,1396,45,1161,95,67,2
564,2019-07-21,1235,50,1003,87,65,0
565,2019-07-22,1240,51,1053,47,62,0
566,2019-07-23,1315,52,1106,45,84,0
567,2019-07-24,1423,74,1163,59,83,0
568,2019-07-25,1301,42,1095,65,65,0
569,2019-07-26,1381,46,1161,68,68,0
570,2019-07-27,1511,55,1293,57,62,1
571,2019-07-28,1307,37,1135,50,60,1
572,2019-07-29,1520,44,1216,153,63,1
573,2019-07-30,1362,37,1149,74,67,0
574,2019-07-31,1441,52,1116,154,82,0
575,2019-08-01,1292,46,1102,54,57,0
576,2019-08-02,1520,54,1051,319,53,0
577,2019-08-03,1369,44,1149,73,64,1
578,2019-08-04,1217,42,1036,55,51,0
579,2019-08-05,1246,47,1035,63,60,1
580,2019-08-06,1329,46,1142,52,55,0
581,2019-08-07,1265,40,1061,59,69,1
582,2019-08-08,1298,60,1074,51,65,1
583,2019-08-09,1327,43,1129,49,70,0
584,2019-08-10,1296,43,1106,55,69,1
585,2019-08-11,1209,53,1032,46,55,1
586,2019-08-12,1238,42,1063,36,53,0
587,2019-08-13,1296,55,1079,55,68,1
588,2019-08-14,1273,45,1067,37,81,1
589,2019-08-15,1303,43,1086,51,67,0
590,2019-08-16,1288,47,1079,44,69,0
591,2019-08-17,1281,43,1099,46,55,2
592,2019-08-18,1202,47,988,53,77,0
593,2019-08-19,1308,44,1098,61,69,0
594,2019-08-20,1269,46,1081,34,57,1
595,2019-08-21,1230,27,1035,50,78,0
596,2019-08-22,1315,44,1108,47,81,0
597,2019-08-23,1347,52,1104,57,83,1
598,2019-08-24,1422,41,1223,47,68,0
599,2019-08-25,1300,41,1126,36,57,0
600,2019-08-26,1441,49,1205,71,77,0
601,2019-08-27,1350,53,1134,52,72,0
602,2019-08-28,1390,52,1171,61,69,1
603,2019-08-29,1401,43,1171,58,85,0
604,2019-08-30,1498,57,1265,66,63,0
605,2019-08-31,1544,62,1334,52,58,1
606,2019-09-01,1367,45,1185,45,54,0
607,2019-09-02,1453,52,1204,61,97,0
608,2019-09-04,1408,52,1214,32,65,0
609,2019-09-05,1324,65,1090,54,81,0
610,2019-09-06,1291,49,1092,43,71,0
611,2019-09-07,1240,48,1058,45,57,1
612,2019-09-08,1242,53,1065,35,64,0
613,2019-09-09,1241,33,1046,56,77,0
614,2019-09-10,1241,32,1068,54,67,0
615,2019-09-11,1241,42,1036,50,75,0
616,2019-09-12,1270,42,1084,43,53,1
617,2019-09-13,1243,41,1058,42,63,0
618,2019-09-14,1212,56,1053,43,38,0
619,2019-09-15,1190,50,1041,29,43,0
620,2019-09-16,1225,32,1060,36,70,0
621,2019-09-17,1228,42,1028,50,76,0
622,2019-09-18,1153,37,985,41,55,0
623,2019-09-19,1303,40,1108,37,73,0
624,2019-09-20,1297,39,1098,42,78,0
625,2019-09-21,1335,69,1131,54,56,0
626,2019-09-22,1312,60,1107,49,61,0
627,2019-09-23,1393,58,1204,36,59,0
628,2019-09-24,1316,42,1140,34,63,1
629,2019-09-25,1312,33,1140,49,63,2
630,2019-09-26,1352,47,1151,37,85,1
631,2019-09-27,1401,39,1192,62,70,0
632,2019-09-28,1331,39,1137,54,66,1
633,2019-09-29,1257,40,1090,46,53,1
634,2019-09-30,1458,35,1132,171,82,1
635,2019-10-01,1442,45,1214,63,80,0
636,2019-10-02,1313,33,1103,47,77,1
637,2019-10-03,1121,26,960,46,54,0
638,2019-10-04,1235,35,1052,37,70,1
639,2019-10-05,1201,22,1030,71,45,0
640,2019-10-06,1183,35,1010,46,59,0
641,2019-10-07,1245,45,1020,55,85,2
642,2019-10-08,1168,44,990,45,55,0
643,2019-10-09,1174,32,1016,36,51,1
644,2019-10-10,1328,34,1129,47,62,0
645,2019-10-11,1238,31,1062,43,54,0
646,2019-10-12,1405,54,1192,40,81,0
647,2019-10-13,1273,40,1116,30,53,0
648,2019-10-14,1317,50,1126,29,77,0
649,2019-10-15,1321,40,1107,53,75,0
650,2019-10-16,1201,31,1032,35,71,0
651,2019-10-17,1309,29,1114,48,75,0
652,2019-10-18,1306,31,1106,54,70,0
653,2019-10-19,1250,34,1088,36,52,0
654,2019-10-20,1239,46,1089,32,44,0
655,2019-10-21,1328,46,1153,28,72,0
656,2019-10-22,1265,42,1090,38,59,1
657,2019-10-23,1229,42,1049,38,67,0
658,2019-10-24,1356,30,1204,35,63,0
659,2019-10-25,1263,39,1093,29,63,0
660,2019-10-26,1245,34,1081,41,49,1
661,2019-10-27,1271,36,1122,42,45,0
662,2019-10-28,1321,40,1128,32,84,0
663,2019-10-29,1156,45,979,32,70,0
664,2019-10-30,1278,50,1078,51,69,0
665,2019-10-31,1382,70,1150,53,64,0
666,2019-11-01,1346,45,1151,54,58,0
667,2019-11-02,1349,51,1131,56,64,0
668,2019-11-03,1256,28,1100,48,54,0
669,2019-11-04,1440,32,1246,46,76,0
670,2019-11-05,1362,42,1175,36,71,0
671,2019-11-06,1260,47,1065,45,69,0
672,2019-11-07,1258,34,1089,30,64,0
673,2019-11-08,1376,27,1194,38,77,1
674,2019-11-09,1288,33,1113,41,68,0
675,2019-11-10,1261,27,1127,37,40,0
676,2019-11-11,1306,37,1141,31,54,0
677,2019-11-12,1271,29,1122,24,61,0
678,2019-11-13,1289,41,1111,36,63,0
679,2019-11-14,1361,38,1166,44,76,0
680,2019-11-15,1271,46,1083,39,61,0
681,2019-11-16,1278,41,1085,43,67,0
682,2019-11-17,1194,31,1044,38,53,0
683,2019-11-18,1295,46,1112,48,60,0
684,2019-11-19,1305,48,1111,42,62,1
685,2019-11-20,1196,41,1024,29,71,0
686,2019-11-21,1313,40,1131,41,69,0
687,2019-11-22,1427,30,1248,45,66,0
688,2019-11-23,1299,37,1125,39,59,0
689,2019-11-24,1181,31,1026,39,61,0
690,2019-11-25,1333,36,1174,27,64,0
691,2019-11-26,1343,32,1167,34,67,0
692,2019-11-27,1276,30,1102,39,60,0
693,2019-11-28,1327,32,1147,42,62,0
694,2019-11-29,1412,40,1214,42,67,0
695,2019-11-30,1406,49,1210,40,63,0
696,2019-12-01,1246,36,1068,40,62,0
697,2019-12-02,1287,31,1128,35,61,0
698,2019-12-03,1379,42,1188,39,72,0
699,2019-12-04,1314,30,1141,46,48,0
700,2019-12-05,1294,42,1101,32,72,0
701,2019-12-06,1402,38,1193,52,63,0
702,2019-12-07,1330,29,1153,61,52,0
703,2019-12-08,1359,35,1185,47,53,0
704,2019-12-09,1347,34,1173,25,66,0
705,2019-12-10,1346,36,1140,42,81,0
706,2019-12-11,1287,42,1124,30,58,0
707,2019-12-12,1289,35,1092,51,70,0
708,2019-12-13,1430,38,1234,32,71,0
709,2019-12-14,1297,35,1141,44,49,0
710,2019-12-15,1315,29,1163,41,55,0
711,2019-12-16,1368,38,1173,36,72,0
712,2019-12-17,1418,44,1214,49,66,1
713,2019-12-18,1330,40,1148,25,81,0
714,2019-12-19,1316,51,1140,29,59,0
715,2019-12-20,1465,41,1259,41,80,0
716,2019-12-21,1258,46,1092,34,54,0
717,2019-12-22,1299,47,1136,26,57,0
718,2019-12-23,1315,31,1132,48,60,0
719,2019-12-24,1098,40,948,27,45,0
720,2019-12-25,1101,32,943,48,46,0
721,2019-12-26,1147,30,1004,33,51,0
722,2019-12-27,1229,31,1085,24,52,0
723,2019-12-28,1170,50,1014,30,47,0
724,2019-12-29,1148,42,976,39,53,0
725,2019-12-30,1268,61,1076,37,46,2
726,2019-12-31,1403,261,1037,22,39,1
727,2020-01-01,2192,511,1527,55,63,1
728,2020-01-02,1280,50,1101,33,64,0
729,2020-01-03,1240,37,1061,32,61,0
730,2020-01-04,1229,37,1062,38,57,0
731,2020-01-05,1151,32,1019,27,52,0
732,2020-01-06,1310,36,1145,30,75,0
733,2020-01-07,1334,34,1160,33,66,0
734,2020-01-08,1286,37,1119,29,67,0
735,2020-01-09,1322,35,1121,38,77,0
736,2020-01-10,1327,30,1155,28,68,0
737,2020-01-11,1217,35,1064,36,46,1
738,2020-01-12,1120,37,995,26,38,1
739,2020-01-13,1288,31,1112,35,70,1
740,2020-01-14,1375,38,1195,33,64,1
741,2020-01-15,1341,39,1158,31,71,0
742,2020-01-16,1241,43,1076,23,60,0
743,2020-01-17,1369,36,1201,43,53,0
744,2020-01-18,1272,37,1111,29,68,0
745,2020-01-19,1191,45,1045,22,51,0
746,2020-01-20,1291,42,1121,33,59,0
747,2020-01-21,1251,27,1113,22,60,0
748,2020-01-22,1224,45,1054,48,45,0
749,2020-01-23,1314,31,1150,34,52,0
750,2020-01-24,1339,40,1150,38,62,0
751,2020-01-25,1310,39,1134,46,49,0
752,2020-01-26,1223,40,1055,41,57,0
753,2020-01-27,1371,31,1223,37,55,1
754,2020-01-28,1360,29,1179,43,66,0
755,2020-01-29,1342,34,1178,23,63,0
756,2020-01-30,1419,19,1238,46,63,0
757,2020-01-31,1427,33,1255,37,58,0
758,2020-02-01,1403,34,1246,44,53,0
759,2020-02-02,1211,28,1070,30,54,0
760,2020-02-03,1375,27,1177,51,78,0
761,2020-02-04,1250,37,1076,32,56,2
762,2020-02-05,1283,48,1120,26,58,0
763,2020-02-06,1205,35,1048,29,50,2
764,2020-02-07,1335,38,1164,35,59,0
765,2020-02-08,1334,45,1148,38,54,1
766,2020-02-09,1298,42,1059,101,64,1
767,2020-02-10,1421,41,1114,154,68,1
768,2020-02-11,1326,32,1133,56,59,0
769,2020-02-12,1275,39,1102,41,51,0
770,2020-02-13,1284,36,1106,36,53,0
771,2020-02-14,1309,33,1126,41,69,0
772,2020-02-15,1276,34,1132,26,58,0
773,2020-02-16,1243,30,1090,35,50,1
774,2020-02-17,1360,44,1185,29,64,1
775,2020-02-18,1297,33,1136,35,59,0
776,2020-02-19,1312,24,1144,42,71,0
777,2020-02-20,1311,34,1133,36,54,1
778,2020-02-21,1317,50,1105,43,66,0
779,2020-02-22,1340,37,1166,52,49,0
780,2020-02-23,1288,42,1123,50,47,0
781,2020-02-24,1336,37,1151,47,66,0
782,2020-02-25,1401,36,1219,50,67,0
783,2020-02-26,1321,28,1141,56,56,0
784,2020-02-27,1329,36,1161,53,41,1
785,2020-02-28,1373,31,1198,40,70,0
786,2020-02-29,1431,43,1258,42,60,0
787,2020-03-01,1279,28,1155,25,41,0
788,2020-03-02,1368,28,1221,42,43,1
789,2020-03-03,1379,39,1223,31,46,0
790,2020-03-04,1374,30,1203,40,62,1
791,2020-03-05,1477,43,1266,37,71,0
792,2020-03-06,1369,40,1106,63,65,0
793,2020-03-07,1372,28,1147,39,56,1
794,2020-03-08,1265,32,1012,35,51,0
795,2020-03-09,1407,26,1120,53,76,0
796,2020-03-10,1329,32,1024,54,74,0
797,2020-03-11,1311,35,1073,30,56,1
798,2020-03-12,1334,29,1013,85,51,0
799,2020-03-13,1350,42,1030,68,50,0
800,2020-03-14,1347,41,1054,50,48,0
801,2020-03-15,1266,46,995,38,36,0
802,2020-03-16,1432,53,1070,38,67,1
803,2020-03-17,1328,49,1026,30,68,0
804,2020-03-18,1383,53,1032,34,71,0
805,2020-03-19,1285,32,985,32,51,0
806,2020-03-20,1350,33,1027,30,57,3
807,2020-03-21,1291,36,943,27,55,1
808,2020-03-22,1130,49,848,20,46,1
809,2020-03-23,1211,46,914,24,67,0
810,2020-03-24,1197,50,919,23,54,0
811,2020-03-25,1155,40,918,25,47,0
812,2020-03-26,1145,33,937,24,33,0
813,2020-03-27,1173,41,892,35,48,0
814,2020-03-28,1212,47,914,34,63,1
815,2020-03-29,1056,31,810,36,46,0
816,2020-03-30,1062,31,820,31,44,0
817,2020-03-31,1192,33,924,32,53,0
818,2020-04-01,1165,58,890,29,40,0
819,2020-04-02,1143,35,892,35,57,0
820,2020-04-03,1207,48,962,24,54,0
821,2020-04-04,1071,47,866,22,52,0
822,2020-04-05,1033,41,809,40,35,0
823,2020-04-06,1267,52,972,30,69,0
824,2020-04-07,1186,44,899,42,54,0
825,2020-04-08,1184,51,921,35,52,0
826,2020-04-09,1232,40,1029,26,65,0
827,2020-04-10,1033,41,879,33,45,0
828,2020-04-11,1196,48,1030,44,52,0
829,2020-04-12,1133,57,961,30,57,0
830,2020-04-13,1014,31,892,33,32,0
831,2020-04-14,1136,37,981,36,50,0
832,2020-04-15,1119,33,963,35,51,0
833,2020-04-16,1169,47,1007,25,55,0
834,2020-04-17,1208,41,1038,34,57,0
835,2020-04-18,1116,56,952,27,57,0
836,2020-04-19,1058,49,899,26,45,0
837,2020-04-20,1157,48,988,26,59,0
838,2020-04-21,1160,62,965,36,57,0
839,2020-04-22,1233,55,1019,37,77,0
840,2020-04-23,1182,48,968,57,55,0
841,2020-04-24,1252,52,1056,44,50,0
842,2020-04-25,1087,40,925,35,47,0
843,2020-04-26,1101,41,942,31,53,0
844,2020-04-27,1213,54,1009,34,59,0
845,2020-04-28,1236,51,1020,46,61,0
846,2020-04-29,1166,41,955,58,58,0
847,2020-04-30,1205,32,1013,38,59,0
848,2020-05-01,990,30,838,40,41,0
849,2020-05-02,1123,35,980,29,45,1
850,2020-05-03,986,34,851,26,45,0
851,2020-05-04,1145,31,976,31,56,0
852,2020-05-05,1152,29,956,33,68,0
853,2020-05-06,1193,33,986,51,71,0
854,2020-05-07,1258,49,1064,32,58,0
855,2020-05-08,1159,43,976,42,49,0
856,2020-05-09,1282,36,1107,45,63,0
857,2020-05-10,1131,42,965,40,50,0
858,2020-05-11,1204,36,1005,42,67,0
859,2020-05-12,1114,49,928,40,52,1
860,2020-05-13,1154,34,982,33,57,0
861,2020-05-14,1182,46,987,46,48,0
862,2020-05-15,1253,43,1029,40,59,0
863,2020-05-16,1191,45,1007,47,55,0
864,2020-05-17,1121,37,956,36,41,0
865,2020-05-18,1295,41,1099,33,53,2
866,2020-05-19,1192,34,996,33,71,0
867,2020-05-20,1293,34,1092,39,72,0
868,2020-05-21,1230,44,1045,42,60,0
869,2020-05-22,1358,54,1131,61,69,0
870,2020-05-23,1134,33,981,28,42,0
871,2020-05-24,1098,27,930,47,47,0
872,2020-05-25,1194,32,1007,40,59,1
873,2020-05-26,1219,49,997,35,77,0
874,2020-05-27,1247,52,1056,40,63,0
875,2020-05-28,1236,43,1040,40,71,1
876,2020-05-29,1350,41,1141,51,62,0
877,2020-05-30,1245,54,1056,40,49,1
878,2020-05-31,1260,55,1055,33,59,0
879,2020-06-01,1245,64,1038,45,57,0
880,2020-06-02,1446,66,1209,53,75,0
881,2020-06-03,1359,51,1137,46,83,1
882,2020-06-04,1354,63,1111,55,73,0
883,2020-06-05,1262,32,1035,60,79,0
884,2020-06-06,1247,42,1077,40,47,0
885,2020-06-07,1154,32,1002,31,52,0
886,2020-06-08,1282,37,1097,34,60,0
887,2020-06-09,1286,30,1111,37,65,0
888,2020-06-10,1322,51,1111,42,75,0
889,2020-06-11,1256,43,1060,59,57,0
890,2020-06-12,1323,49,1121,46,56,0
891,2020-06-13,1404,67,1122,118,68,1
892,2020-06-14,1181,45,976,76,49,0
893,2020-06-15,1337,41,1128,45,89,0
894,2020-06-16,1343,51,1140,48,62,0
895,2020-06-17,1477,53,1207,66,90,0
896,2020-06-18,1347,42,1142,50,63,0
897,2020-06-19,1338,39,1099,60,75,1
898,2020-06-20,1212,36,1023,46,64,1
899,2020-06-21,1216,32,1033,58,54,1
900,2020-06-22,1332,41,1142,44,69,0
901,2020-06-23,1310,39,1107,61,67,0
902,2020-06-24,1307,49,1104,37,74,0
903,2020-06-25,1341,47,1148,51,49,0
904,2020-06-26,1377,48,1119,86,62,0
905,2020-06-27,1453,59,1220,63,72,1
906,2020-06-28,1296,49,1114,45,55,1
907,2020-06-29,1315,41,1121,40,74,0
908,2020-06-30,1345,50,1142,48,63,0
909,2020-07-01,1315,33,1139,48,67,0
910,2020-07-02,1338,42,1159,38,57,0
911,2020-07-03,1322,45,1119,52,61,0
912,2020-07-04,1418,46,1230,50,53,1
913,2020-07-05,1283,45,1091,58,64,0
914,2020-07-06,1269,43,1070,48,65,0
915,2020-07-07,1202,36,1042,36,51,0
916,2020-07-08,1224,32,1052,34,65,0
917,2020-07-09,1176,37,984,47,71,0
918,2020-07-10,1219,39,1029,57,55,0
919,2020-07-11,1211,53,1035,43,47,0
920,2020-07-12,1164,37,995,48,54,0
921,2020-07-13,1304,50,1133,39,58,0
922,2020-07-14,1263,58,1056,48,58,0
923,2020-07-15,1205,43,1023,47,54,0
924,2020-07-16,1251,30,1075,44,48,0
925,2020-07-17,1254,39,1051,41,66,0
926,2020-07-18,1314,66,1101,58,45,0
927,2020-07-19,1313,55,1129,39,59,0
928,2020-07-20,1366,44,1045,181,66,0
929,2020-07-21,1270,44,1051,60,57,1
930,2020-07-22,1197,29,1030,45,64,0
931,2020-07-23,1250,54,1051,48,55,0
932,2020-07-24,1344,52,1124,40,83,1
933,2020-07-25,1332,65,1100,48,74,0
934,2020-07-26,1151,55,955,48,58,0
935,2020-07-27,1304,31,1137,48,54,0
936,2020-07-28,1190,40,1006,44,64,1
937,2020-07-29,1193,35,1015,38,62,0
938,2020-07-30,1219,66,1022,34,56,0
939,2020-07-31,1338,56,1128,44,65,1
940,2020-08-01,1433,71,1204,55,66,0
941,2020-08-02,1210,38,1039,40,57,0
942,2020-08-03,1284,43,1103,47,61,0
943,2020-08-04,1324,54,1131,46,58,0
944,2020-08-05,1425,46,1212,38,73,0
945,2020-08-06,1353,49,1136,54,75,0
946,2020-08-07,1432,73,1199,53,80,0
947,2020-08-08,1454,67,1218,66,69,0
948,2020-08-09,1420,53,1194,60,79,0
949,2020-08-10,1542,53,1267,93,86,0
950,2020-08-11,1534,56,1264,80,78,0
951,2020-08-12,1415,56,1180,72,68,0
952,2020-08-13,1482,56,1253,64,64,0
953,2020-08-14,1510,58,1289,60,64,0
954,2020-08-15,1429,71,1201,64,60,0
955,2020-08-16,1316,54,1116,57,53,0
956,2020-08-17,1437,57,1221,85,33,1
957,2020-08-18,1431,47,1199,63,74,3
958,2020-08-19,1451,48,1227,57,78,2
959,2020-08-20,1417,53,1209,39,71,0
960,2020-08-21,1500,71,1217,84,70,0
961,2020-08-22,1424,59,1187,70,60,1
962,2020-08-23,1279,44,1098,46,61,0
963,2020-08-24,1358,34,1174,50,62,1
964,2020-08-25,1301,47,1101,39,71,0
965,2020-08-26,1384,33,1140,92,76,0
966,2020-08-27,1321,48,1128,38,63,1
967,2020-08-28,1428,44,1214,55,62,1
968,2020-08-29,1463,66,1249,35,69,1
969,2020-08-30,1318,51,1105,51,73,0
970,2020-08-31,1433,39,1232,45,91,0
971,2020-09-01,1263,31,1095,36,63,0
972,2020-09-02,1248,31,1069,43,66,0
973,2020-09-03,1344,46,1179,24,61,0
974,2020-09-04,1376,43,1177,42,72,0
975,2020-09-05,1250,39,1069,39,65,0
976,2020-09-06,1247,39,1097,28,48,1
977,2020-09-07,1365,42,1163,48,69,1
978,2020-09-08,1332,41,1137,37,73,0
979,2020-09-09,1333,29,1133,54,63,0
980,2020-09-10,1284,29,1106,39,60,0
981,2020-09-11,1388,40,1159,51,77,0
982,2020-09-12,1382,43,1185,60,56,0
983,2020-09-13,1260,40,1094,40,41,0
984,2020-09-14,1419,44,1187,51,84,1
985,2020-09-15,1476,46,1281,52,58,0
986,2020-09-16,1381,51,1144,58,66,1
987,2020-09-17,1313,37,1110,57,72,0
988,2020-09-18,1385,62,1154,64,55,0
989,2020-09-19,1336,62,1142,36,55,0
990,2020-09-20,1245,58,1055,34,62,0
991,2020-09-21,1386,50,1164,58,74,0
992,2020-09-22,1377,54,1171,55,60,0
993,2020-09-23,1405,58,1198,38,73,0
994,2020-09-24,1329,40,1134,46,71,0
995,2020-09-25,1250,40,1042,45,74,0
996,2020-09-26,1280,28,1070,84,58,0
997,2020-09-27,1161,40,996,34,49,0
998,2020-09-28,1384,41,1194,50,59,0
999,2020-09-29,1319,33,1136,45,61,0
1000,2020-09-30,1332,36,1158,40,56,0
1001,2020-10-01,1345,38,1180,39,46,0
1002,2020-10-02,1338,47,1144,39,71,0
1003,2020-10-03,1323,41,1146,41,56,0
1004,2020-10-04,1278,48,1115,33,52,0
1005,2020-10-05,1435,47,1221,44,76,0
1006,2020-10-06,1284,42,1090,40,74,0
1007,2020-10-07,1347,44,1128,55,80,0
1008,2020-10-08,1322,45,1131,52,48,0
1009,2020-10-09,1386,68,1138,53,72,4
1010,2020-10-10,1312,58,1120,38,61,1
1011,2020-10-11,1214,43,1060,42,39,0
1012,2020-10-12,1247,46,1058,38,67,0
1013,2020-10-13,1286,57,1082,43,53,0
1014,2020-10-14,1242,28,1045,51,74,0
1015,2020-10-15,1261,38,1066,52,55,0
1016,2020-10-16,1322,36,1131,33,67,1
1017,2020-10-17,1318,32,1151,27,57,0
1018,2020-10-18,1202,31,1043,37,58,0
1019,2020-10-19,1353,40,1156,33,65,1
1020,2020-10-20,1219,29,1053,34,56,1
1021,2020-10-21,1327,37,1133,53,59,0
1022,2020-10-22,1454,51,1226,66,47,0
1023,2020-10-23,1349,45,1120,59,75,1
1024,2020-10-24,1329,33,1170,35,53,1
1025,2020-10-25,1320,48,1137,36,54,0
1026,2020-10-26,1427,30,1224,41,67,1
1027,2020-10-27,1378,38,1213,26,52,0
1028,2020-10-28,1344,34,1151,39,56,0
1029,2020-10-29,1316,42,1132,35,52,0
1030,2020-10-30,1337,36,1146,49,53,0
1031,2020-10-31,1458,64,1226,79,50,0
1032,2020-11-01,1348,43,1152,44,57,0
1033,2020-11-02,1448,21,1256,76,32,1
1034,2020-11-03,1305,40,1132,33,54,0
1035,2020-11-04,1264,27,1089,31,49,0
1036,2020-11-05,1232,40,1058,40,46,0
1037,2020-11-06,1296,43,1106,31,61,1
1038,2020-11-07,1285,55,1101,36,50,1
1039,2020-11-08,990,38,855,28,43,0
1040,2020-11-09,1292,38,1109,29,57,0
1041,2020-11-10,1270,34,1095,34,60,0
1042,2020-11-11,1247,46,1069,32,56,2
1043,2020-11-12,1262,30,1106,35,46,0
1044,2020-11-13,1284,36,1105,37,57,0
1045,2020-11-14,1035,47,892,30,40,2
1046,2020-11-15,1199,38,1029,35,47,1
1047,2020-11-16,1361,38,1154,46,68,0
1048,2020-11-17,1274,26,1091,32,65,0
1049,2020-11-18,1252,32,1077,48,45,2
1050,2020-11-19,1331,37,1142,42,56,2
1051,2020-11-20,1268,50,1084,26,54,0
1052,2020-11-21,1275,60,1091,37,48,0
1053,2020-11-22,1205,52,1017,32,55,0
1054,2020-11-23,1285,41,1114,49,45,0
1055,2020-11-24,1277,45,1094,28,58,0
1056,2020-11-25,1267,53,1066,17,74,0
1057,2020-11-26,1275,46,1087,25,62,0
1058,2020-11-27,1273,35,1097,43,42,2
1059,2020-11-28,1269,41,1099,36,52,0
1060,2020-11-29,1135,39,972,28,53,1
1061,2020-11-30,1260,34,1087,25,69,0
1062,2020-12-01,1299,35,1129,24,61,1
1063,2020-12-02,1255,44,1049,36,64,0
1064,2020-12-03,1293,50,1085,49,63,1
1065,2020-12-04,1368,37,1158,66,46,1
1066,2020-12-05,1225,49,1044,34,57,1
1067,2020-12-06,1240,50,1067,30,52,1
1068,2020-12-07,1369,37,1156,73,41,0
1069,2020-12-08,1326,28,1145,61,35,0
1070,2020-12-09,1292,40,1117,55,37,0
1071,2020-12-10,1286,28,1124,63,37,0
1072,2020-12-11,1313,42,1110,63,54,0
1073,2020-12-12,1218,37,1059,32,53,0
1074,2020-12-13,1131,35,982,34,45,0
1075,2020-12-14,1362,51,1170,30,55,0
1076,2020-12-15,1282,44,1087,35,59,0
1077,2020-12-16,1276,47,1079,29,59,0
1078,2020-12-17,1237,33,1049,44,52,0
1079,2020-12-18,1260,42,1058,49,50,1
1080,2020-12-19,1220,54,1037,30,65,0
1081,2020-12-20,1133,26,984,26,51,0
1082,2020-12-21,1288,34,1137,30,50,0
1083,2020-12-22,1217,33,1029,31,71,0
1084,2020-12-23,1225,34,1051,44,49,0
1085,2020-12-24,1202,32,1035,37,55,0
1086,2020-12-25,1192,31,1026,39,60,0
1087,2020-12-26,1103,34,936,32,48,1
1088,2020-12-27,1143,31,948,53,53,0
1089,2020-12-28,1314,28,1146,45,51,0
1090,2020-12-29,1321,34,1126,32,69,0
1091,2020-12-30,1250,28,1057,39,66,0
1092,2020-12-31,1189,94,969,31,57,2
1093,2021-01-01,1597,214,1246,44,52,6
1094,2021-01-02,1249,40,1061,46,62,0
1095,2021-01-03,1112,27,956,35,40,0
1096,2021-01-04,1268,31,1089,36,60,0
1097,2021-01-05,1206,36,1035,28,39,0
1098,2021-01-06,1211,37,1048,36,57,0
1099,2021-01-07,1146,41,977,29,54,0
1100,2021-01-08,1163,45,991,28,48,0
1101,2021-01-09,1202,55,1040,24,53,0
1102,2021-01-10,1098,41,933,19,61,0
1103,2021-01-11,1224,27,1065,35,56,1
1104,2021-01-12,1116,37,949,35,49,0
1105,2021-01-13,1194,27,1008,42,62,0
1106,2021-01-14,1189,47,978,61,56,0
1107,2021-01-15,1209,43,1001,27,72,0
1108,2021-01-16,1103,33,964,42,38,0
1109,2021-01-17,1089,27,938,37,54,0
1110,2021-01-18,1218,47,1035,32,60,0
1111,2021-01-19,1140,30,978,38,62,0
1112,2021-01-20,1185,34,1017,32,55,1
1113,2021-01-21,1209,31,1024,38,67,0
1114,2021-01-22,1116,30,949,42,45,0
1115,2021-01-23,1115,33,956,48,42,0
1116,2021-01-24,1080,29,926,36,53,0
1117,2021-01-25,1115,20,974,26,55,0
1118,2021-01-26,1091,29,926,30,55,1
1119,2021-01-27,1126,28,964,27,50,0
1120,2021-01-28,1138,26,974,30,48,0
1121,2021-01-29,1176,27,1017,35,60,0
1122,2021-01-30,1207,26,1043,49,58,1
1123,2021-01-31,1140,46,962,49,51,1
1124,2021-02-01,1216,38,1010,53,68,0
1125,2021-02-02,1169,26,970,47,69,0
1126,2021-02-03,1151,25,973,63,56,1
1127,2021-02-04,1164,20,992,43,60,1
1128,2021-02-05,1152,35,994,28,59,0
1129,2021-02-06,1047,41,864,53,51,0
1130,2021-02-07,1165,39,983,71,35,0
1131,2021-02-08,1254,46,1043,67,64,0
1132,2021-02-09,1302,41,1076,74,65,0
1133,2021-02-10,1210,45,996,68,65,0
1134,2021-02-11,1208,49,983,69,58,0
1135,2021-02-12,1187,36,989,59,58,1
1136,2021-02-13,1136,29,962,70,49,1
1137,2021-02-14,1132,44,928,71,47,0
1138,2021-02-15,1259,51,1051,53,54,2
1139,2021-02-16,1156,40,963,73,52,1
1140,2021-02-17,1208,32,998,84,48,0
1141,2021-02-18,1166,40,971,48,57,1
1142,2021-02-19,1234,39,1039,62,44,0
1143,2021-02-20,1211,58,1005,42,69,0
1144,2021-02-21,1174,42,1011,42,52,0
1145,2021-02-22,1276,46,1069,38,80,0
1146,2021-02-23,1144,48,941,41,66,0
1147,2021-02-24,1227,47,1030,47,54,1
1148,2021-02-25,1265,37,1096,40,51,1
1149,2021-02-26,1136,38,948,38,58,1
1150,2021-02-27,1166,43,1003,41,45,1
1151,2021-02-28,1089,37,936,32,53,0
1152,2021-03-01,1220,39,1034,37,67,0
1153,2021-03-02,1134,38,975,27,49,1
1154,2021-03-03,1195,43,1014,27,64,0
1155,2021-03-04,1200,43,1037,22,48,0
1156,2021-03-05,1181,35,1008,37,50,0
1157,2021-03-06,1165,42,991,39,58,0
1158,2021-03-07,1107,36,955,32,41,0
1159,2021-03-08,1101,37,939,38,51,0
1160,2021-03-09,1235,47,1052,30,62,0
1161,2021-03-10,1217,36,1041,29,57,0
1162,2021-03-11,1297,34,1026,123,73,0
1163,2021-03-12,1282,48,1070,51,62,0
1164,2021-03-13,1224,32,1039,69,48,0
1165,2021-03-14,1120,28,960,51,42,0
1166,2021-03-15,1289,37,1085,53,66,0
1167,2021-03-16,1216,38,1039,32,59,0
1168,2021-03-17,1223,41,1042,46,52,0
1169,2021-03-18,1162,25,1001,40,54,1
1170,2021-03-19,1165,19,1004,41,52,0
1171,2021-03-20,1173,47,1006,33,54,0
1172,2021-03-21,1042,30,908,31,41,0
1173,2021-03-22,1356,44,1156,38,80,1
1174,2021-03-23,1213,48,1032,35,68,0
1175,2021-03-24,1276,29,1092,43,68,0
1176,2021-03-25,1320,43,1137,36,62,0
1177,2021-03-26,1317,48,1113,38,69,0
1178,2021-03-27,1183,34,1004,53,59,0
1179,2021-03-28,1089,28,953,39,35,0
1180,2021-03-29,1364,44,1156,34,80,0
1181,2021-03-30,1383,71,1139,56,66,0
1182,2021-03-31,1432,52,1207,62,56,0
1183,2021-04-01,1348,42,1133,33,72,0
1184,2021-04-02,1168,40,982,48,52,0
1185,2021-04-03,1262,54,1075,43,49,1
1186,2021-04-04,1238,52,1034,38,58,0
1187,2021-04-05,1097,27,905,55,62,1
1188,2021-04-06,1263,33,1085,44,55,0
1189,2021-04-07,1227,25,1066,28,58,0
1190,2021-04-08,1305,42,1113,38,55,0
1191,2021-04-09,1267,42,1082,34,56,0
1192,2021-04-10,1246,43,1055,50,48,0
1193,2021-04-11,1196,28,1037,48,46,0
1194,2021-04-12,1311,52,1121,33,65,0
1195,2021-04-13,1281,47,1096,34,54,0
1196,2021-04-14,1221,44,1034,38,59,0
1197,2021-04-15,1230,36,1048,32,64,1
1198,2021-04-16,1290,36,1101,30,64,0
1199,2021-04-17,1222,39,1051,36,59,0
1200,2021-04-18,1135,36,973,30,52,0
1201,2021-04-19,1299,34,1130,31,61,0
1202,2021-04-20,1363,35,1157,46,59,0
1203,2021-04-21,1345,40,1154,47,55,0
1204,2021-04-22,1238,35,1038,33,71,0
1205,2021-04-23,1314,48,1101,51,56,0
1206,2021-04-24,1238,48,1050,42,56,0
1207,2021-04-25,1155,49,979,35,46,0
1208,2021-04-26,1319,46,1103,51,74,0
1209,2021-04-27,1298,39,1108,36,63,0
1210,2021-04-28,1344,56,1107,43,65,0
1211,2021-04-29,1301,37,1093,53,61,0
1212,2021-04-30,1273,48,1067,32,64,0
1213,2021-05-01,1217,54,1042,35,43,0
1214,2021-05-02,1123,44,945,52,48,0
1215,2021-05-03,1312,33,1132,44,54,0
1216,2021-05-04,1353,40,1094,112,62,1
1217,2021-05-05,1403,41,1094,156,62,1
1218,2021-05-06,1255,44,1056,50,47,0
1219,2021-05-07,1270,35,1057,51,59,0
1220,2021-05-08,1335,44,1133,42,69,0
1221,2021-05-09,1299,52,1100,51,63,1
1222,2021-05-10,1590,54,1313,124,35,0
1223,2021-05-11,1532,59,1270,68,71,1
1224,2021-05-12,1344,38,1145,48,58,0
1225,2021-05-13,1260,41,1032,95,54,0
1226,2021-05-14,1358,34,1137,68,65,1
1227,2021-05-15,1309,34,1137,55,47,0
1228,2021-05-16,1103,32,958,33,40,0
1229,2021-05-17,1424,31,1224,69,52,0
1230,2021-05-18,1320,36,1141,43,43,0
1231,2021-05-19,1359,39,1168,42,71,1
1232,2021-05-20,1395,38,1205,64,49,0
1233,2021-05-21,1416,35,1205,55,75,1
1234,2021-05-22,1354,39,1145,60,52,0
1235,2021-05-23,1212,41,1035,48,47,0
1236,2021-05-24,1273,41,1066,69,58,0
1237,2021-05-25,1397,37,1192,51,67,0
1238,2021-05-26,1412,43,1185,55,70,3
1239,2021-05-27,1278,32,1079,31,87,0
1240,2021-05-28,1283,40,1082,55,54,0
1241,2021-05-29,1380,39,1205,44,51,0
1242,2021-05-30,1343,60,1145,28,69,0
1243,2021-05-31,1428,52,1224,42,70,1
1244,2021-06-01,1444,44,1251,45,60,0
1245,2021-06-02,1415,38,1201,57,74,0
1246,2021-06-03,1516,56,1280,95,32,0
1247,2021-06-04,1430,40,1218,59,67,0
1248,2021-06-05,1523,69,1285,59,73,0
1249,2021-06-06,1535,76,1301,46,73,0
1250,2021-06-07,1440,65,1214,62,59,0
1251,2021-06-08,1469,72,1229,55,67,0
1252,2021-06-09,1535,77,1268,62,79,0
1253,2021-06-10,1581,88,1321,56,64,1
1254,2021-06-11,1547,80,1241,69,89,0
1255,2021-06-12,1437,53,1212,79,55,1
1256,2021-06-13,1341,57,1137,69,45,1
1257,2021-06-14,1533,79,1274,59,85,0
1258,2021-06-15,1448,40,1229,49,82,1
1259,2021-06-16,1537,74,1265,67,79,1
1260,2021-06-17,1568,70,1309,69,80,0
1261,2021-06-18,1670,92,1363,78,87,0
1262,2021-06-19,1709,71,1401,117,73,0
1263,2021-06-20,1655,58,1380,94,61,1
1264,2021-06-21,1631,64,1373,57,82,0
1265,2021-06-22,1557,47,1317,66,76,1
1266,2021-06-23,1416,37,1225,57,56,0
1267,2021-06-24,1477,37,1265,59,75,0
1268,2021-06-25,1425,37,1211,49,69,0
1269,2021-06-26,1390,52,1180,54,73,0
1270,2021-06-27,1405,54,1189,46,76,0
1271,2021-06-28,1477,59,1263,44,74,0
1272,2021-06-29,1410,56,1144,89,74,0
1273,2021-06-30,1495,49,1196,150,62,0
1274,2021-07-01,1343,39,1107,90,66,0
1275,2021-07-02,1418,44,1196,61,63,0
1276,2021-07-03,1461,34,1277,49,67,1
1277,2021-07-04,1418,53,1218,51,67,0
1278,2021-07-05,1460,32,1252,61,66,0
1279,2021-07-06,1412,39,1214,59,69,0
1280,2021-07-07,1319,37,1118,55,65,0
1281,2021-07-08,1361,36,1185,42,61,0
1282,2021-07-09,1372,57,1160,57,50,0
1283,2021-07-10,1391,49,1174,61,66,0
1284,2021-07-11,1293,55,1100,51,54,0
1285,2021-07-12,1505,48,1297,50,69,0
1286,2021-07-13,1386,64,1154,60,54,1
1287,2021-07-14,1316,44,1099,58,71,0
1288,2021-07-15,1377,46,1187,45,61,0
1289,2021-07-16,1476,43,1241,64,72,0
1290,2021-07-17,1408,55,1186,62,75,0
1291,2021-07-18,1310,42,1122,47,61,0
1292,2021-07-19,1326,45,1096,56,82,0
1293,2021-07-20,1331,41,1152,40,65,0
1294,2021-07-21,1335,43,1146,38,59,0
1295,2021-07-22,1302,37,1129,38,61,0
1296,2021-07-23,1308,59,1072,54,73,0
1297,2021-07-24,1463,50,1256,67,63,1
1298,2021-07-25,1541,41,1175,232,66,0
1299,2021-07-26,1455,40,1231,86,71,0
1300,2021-07-27,1434,48,1215,54,72,0
1301,2021-07-28,1302,40,1107,34,72,0
1302,2021-07-29,1373,41,1175,52,65,0
1303,2021-07-30,1388,38,1181,58,72,0
1304,2021-07-31,1430,60,1197,70,66,0
1305,2021-08-01,1390,35,1193,59,67,0
1306,2021-08-02,1409,43,1217,46,66,0
1307,2021-08-03,1320,48,1157,32,53,0
1308,2021-08-04,1464,61,1214,42,71,0
1309,2021-08-05,1311,50,1090,56,60,0
1310,2021-08-06,1446,48,1213,63,78,0
1311,2021-08-07,1360,45,1162,56,55,0
1312,2021-08-08,1366,31,1160,63,63,0
1313,2021-08-09,1440,27,1265,46,69,0
1314,2021-08-10,1421,45,1216,48,68,0
1315,2021-08-11,1470,64,1241,44,79,0
1316,2021-08-12,1448,51,1231,47,58,0
1317,2021-08-13,1568,56,1338,48,64,2
1318,2021-08-14,1604,63,1376,58,70,0
1319,2021-08-15,1516,54,1313,56,66,0
1320,2021-08-16,1499,32,1279,64,68,0
1321,2021-08-17,1342,40,1142,53,65,0
1322,2021-08-18,1410,36,1201,55,72,0
1323,2021-08-19,1526,34,1312,39,70,0
1324,2021-08-20,1395,43,1188,60,54,0
1325,2021-08-21,1394,53,1192,56,56,0
1326,2021-08-22,1485,48,1281,56,61,0
1327,2021-08-23,1409,44,1178,79,63,1
1328,2021-08-24,1402,48,1219,40,49,0
1329,2021-08-25,1444,56,1208,51,61,0
1330,2021-08-26,1387,33,1181,46,79,0
1331,2021-08-27,1414,30,1214,48,76,0
1332,2021-08-28,1413,53,1209,58,52,0
1333,2021-08-29,1443,47,1245,47,64,0
1334,2021-08-30,1495,46,1281,51,68,0
1335,2021-08-31,1470,34,1264,50,67,0
1336,2021-09-01,1471,49,1270,50,60,0
1337,2021-09-02,1512,47,1298,45,53,0
1338,2021-09-03,1595,51,1329,59,92,0
1339,2021-09-04,1512,63,1292,50,61,0
1340,2021-09-05,1412,45,1219,43,51,0
1341,2021-09-06,1506,67,1296,38,51,0
1342,2021-09-07,1436,57,1205,44,70,0
1343,2021-09-08,1506,51,1271,64,73,0
1344,2021-09-09,1541,56,1303,38,71,0
1345,2021-09-10,1604,49,1343,65,85,0
1346,2021-09-11,1493,69,1285,38,50,0
1347,2021-09-12,1481,60,1254,43,50,1
1348,2021-09-13,1514,44,1279,52,86,0
1349,2021-09-14,1496,39,1268,42,77,0
1350,2021-09-15,1372,44,1184,35,60,0
1351,2021-09-16,1437,54,1225,43,67,0
1352,2021-09-17,1453,50,1238,51,57,0
1353,2021-09-18,1382,46,1189,46,46,0
1354,2021-09-19,1328,45,1144,38,61,0
1355,2021-09-20,1449,36,1268,37,62,0
1356,2021-09-21,1434,41,1212,43,78,0
1357,2021-09-22,1465,43,1246,41,61,0
1358,2021-09-23,1467,46,1231,82,64,0
1359,2021-09-24,1476,59,1223,65,70,1
1360,2021-09-25,1517,50,1301,49,75,0
1361,2021-09-26,1712,44,1502,50,61,0
1362,2021-09-27,1528,60,1302,45,60,0
1363,2021-09-28,1449,50,1236,45,62,0
1364,2021-09-29,1499,50,1230,109,54,0
1365,2021-09-30,1479,41,1267,40,83,0
1366,2021-10-01,1520,66,1280,59,60,0
1367,2021-10-02,1495,56,1284,50,76,0
1368,2021-10-03,1373,55,1185,38,54,1
1369,2021-10-04,1457,51,1236,44,78,0
1370,2021-10-05,1424,44,1210,46,68,0
1371,2021-10-06,1440,39,1225,43,74,0
1372,2021-10-07,1466,49,1224,57,79,0
1373,2021-10-08,1488,43,1284,51,63,0
1374,2021-10-09,1404,70,1178,57,67,0
1375,2021-10-10,1358,48,1159,43,66,0
1376,2021-10-11,1339,31,1130,38,79,0
1377,2021-10-12,1340,45,1123,58,61,0
1378,2021-10-13,1372,40,1176,41,61,0
1379,2021-10-14,1383,55,1144,58,71,0
1380,2021-10-15,1373,76,1134,46,65,0
1381,2021-10-16,1336,57,1107,47,76,0
1382,2021-10-17,1331,53,1161,32,47,0
1383,2021-10-18,1446,37,1254,36,65,0
1384,2021-10-19,1437,47,1219,49,75,0
1385,2021-10-20,1407,38,1222,26,60,0
1386,2021-10-21,1728,55,1097,441,75,0
1387,2021-10-22,1340,34,1090,101,67,0
1388,2021-10-23,1399,37,1189,52,64,0
1389,2021-10-24,1410,43,1229,51,49,0
1390,2021-10-25,1354,40,1158,39,71,0
1391,2021-10-26,1416,49,1213,37,67,0
1392,2021-10-27,1518,61,1279,46,72,0
1393,2021-10-28,1474,52,1273,32,64,0
1394,2021-10-29,1549,46,1320,39,81,0
1395,2021-10-30,1511,49,1290,60,69,0
1396,2021-10-31,1589,69,1364,49,82,0
1397,2021-11-01,1494,27,1279,60,73,1
1398,2021-11-02,1438,42,1233,42,66,0
1399,2021-11-03,1460,42,1277,41,57,0
1400,2021-11-04,1396,26,1188,78,55,0
1401,2021-11-05,1445,40,1218,69,65,0
1402,2021-11-06,1422,49,1222,48,60,1
1403,2021-11-07,1367,38,1193,55,46,0
1404,2021-11-08,1474,40,1262,43,75,0
1405,2021-11-09,1448,43,1240,52,64,0
1406,2021-11-10,1398,38,1213,32,71,0
1407,2021-11-11,1425,47,1236,32,62,1
1408,2021-11-12,1474,47,1270,39,62,0
1409,2021-11-13,1410,50,1219,51,50,0
1410,2021-11-14,1427,36,1247,34,58,0
1411,2021-11-15,1424,43,1230,46,64,0
1412,2021-11-16,1391,47,1197,33,72,1
1413,2021-11-17,1333,27,1189,29,49,0
1414,2021-11-18,1447,46,1251,31,73,0
1415,2021-11-19,1460,49,1266,38,59,1
1416,2021-11-20,1394,47,1234,38,44,0
1417,2021-11-21,1328,49,1159,29,63,0
1418,2021-11-22,1429,32,1235,40,71,0
1419,2021-11-23,1416,38,1202,46,77,0
1420,2021-11-24,1483,41,1264,58,74,0
1421,2021-11-25,1388,49,1185,32,64,0
1422,2021-11-26,1452,40,1255,40,66,0
1423,2021-11-27,1456,51,1252,41,55,0
1424,2021-11-28,1321,37,1156,40,57,0
1425,2021-11-29,1415,32,1199,45,87,0
1426,2021-11-30,1386,43,1175,50,68,0
1427,2021-12-01,1449,32,1233,71,68,0
1428,2021-12-02,1441,43,1212,79,68,0
1429,2021-12-03,1431,44,1220,34,73,0
1430,2021-12-04,1408,41,1215,61,65,0
1431,2021-12-05,1377,41,1195,42,60,0
1432,2021-12-06,1416,38,1187,43,86,0
1433,2021-12-07,1415,40,1198,31,77,1
1434,2021-12-08,1367,50,1165,42,59,0
1435,2021-12-09,1422,37,1216,60,64,0
1436,2021-12-10,1492,41,1263,62,69,0
1437,2021-12-11,1399,40,1190,46,74,0
1438,2021-12-12,1284,29,1114,40,63,0
1439,2021-12-13,1505,44,1281,65,65,0
1440,2021-12-14,1443,39,1264,43,48,0
1441,2021-12-15,1396,48,1179,42,71,0
1442,2021-12-16,1473,46,1242,46,74,0
1443,2021-12-17,1407,45,1181,41,78,0
1444,2021-12-18,1402,55,1208,38,59,0
1445,2021-12-19,1311,43,1107,60,60,0
1446,2021-12-20,1398,58,1183,27,70,0
1447,2021-12-21,1307,36,1145,26,57,0
1448,2021-12-22,1322,49,1097,44,85,0
1449,2021-12-23,1289,44,1104,44,60,0
1450,2021-12-24,1237,36,1065,51,49,0
1451,2021-12-25,1303,60,1073,57,62,0
1452,2021-12-26,1183,49,983,75,42,0
1453,2021-12-27,1347,38,1139,74,51,0
1454,2021-12-28,1328,59,1085,67,77,0
1455,2021-12-29,1391,50,1161,68,61,0
1456,2021-12-30,1348,79,1102,53,63,0
1457,2021-12-31,1389,99,1126,65,63,0
1458,2022-01-01,1855,214,1483,48,66,0
1459,2022-01-02,1334,43,1163,37,48,0
1460,2022-01-03,1531,38,1334,52,60,0
1461,2022-01-04,1389,35,1203,43,69,0
1462,2022-01-05,1317,37,1129,33,55,0
1463,2022-01-06,1433,46,1238,36,56,0
1464,2022-01-07,1430,46,1209,45,70,0
1465,2022-01-08,1345,45,1147,47,63,0
1466,2022-01-09,1296,50,1124,33,58,0
1467,2022-01-10,1421,44,1223,43,65,1
1468,2022-01-11,1431,51,1225,48,62,0
1469,2022-01-12,1347,43,1141,44,67,0
1470,2022-01-13,1313,36,1132,35,59,0
1471,2022-01-14,1456,46,1249,36,67,0
1472,2022-01-15,1327,55,1138,36,53,0
1473,2022-01-16,1225,47,1057,29,59,0
1474,2022-01-17,1433,38,1228,76,56,0
1475,2022-01-18,1371,45,1186,34,71,0
1476,2022-01-19,1348,28,1177,33,63,0
1477,2022-01-20,1354,24,1155,68,75,0
1478,2022-01-21,1418,38,1210,54,56,0
1479,2022-01-22,1376,41,1207,40,51,0
1480,2022-01-23,1307,32,1146,32,62,0
1481,2022-01-24,1445,39,1241,63,70,0
1482,2022-01-25,1331,37,1156,59,55,1
1483,2022-01-26,1436,29,1236,53,70,0
1484,2022-01-27,1327,31,1149,44,54,0
1485,2022-01-28,1400,35,1207,34,74,0
1486,2022-01-29,1565,38,1222,221,56,1
1487,2022-01-30,1694,47,1013,550,54,0
1488,2022-01-31,1466,44,1231,64,70,0
1489,2022-02-01,1343,47,1136,50,66,0
1490,2022-02-02,1363,38,1166,45,68,0
1491,2022-02-03,1418,47,1227,47,60,0
1492,2022-02-04,1399,41,1187,58,53,0
1493,2022-02-05,1420,45,1211,58,75,0
1494,2022-02-06,1327,43,1126,69,60,0
1495,2022-02-07,1482,43,1295,38,61,1
1496,2022-02-08,1323,41,1121,54,68,0
1497,2022-02-09,1461,27,1279,45,69,0
1498,2022-02-10,1473,40,1252,48,81,0
1499,2022-02-11,1419,57,1218,39,64,0
1500,2022-02-12,1314,43,1146,49,38,1
1501,2022-02-13,1303,37,1133,35,62,0
1502,2022-02-14,1450,54,1272,36,52,1
1503,2022-02-15,1317,31,1146,27,67,0
1504,2022-02-16,1342,33,1133,57,70,0
1505,2022-02-17,2531,72,1090,1262,73,0
1506,2022-02-18,1875,50,1157,555,57,0
1507,2022-02-19,2811,45,1065,1626,36,0
1508,2022-02-20,1490,39,1086,274,58,0
1509,2022-02-21,1611,48,1185,289,54,0
1510,2022-02-22,1452,39,1209,84,77,0
1511,2022-02-23,1393,43,1190,59,56,0
1512,2022-02-24,1407,46,1179,79,60,0
1513,2022-02-25,1340,46,1108,77,63,0
1514,2022-02-26,1406,66,1203,47,57,0
1515,2022-02-27,1297,55,1124,38,39,0
1516,2022-02-28,1413,49,1208,45,74,0
1517,2022-03-01,1355,59,1145,50,63,0
1518,2022-03-02,1401,46,1203,38,77,0
1519,2022-03-03,1388,44,1193,52,58,0
1520,2022-03-04,1413,37,1206,47,78,0
1521,2022-03-05,1376,38,1184,52,59,0
1522,2022-03-06,1282,37,1130,33,45,0
1523,2022-03-07,1434,56,1221,52,59,1
1524,2022-03-08,1319,51,1142,48,52,0
1525,2022-03-09,1440,50,1230,41,77,0
1526,2022-03-10,1373,46,1195,49,53,0
1527,2022-03-11,1476,59,1232,52,73,0
1528,2022-03-12,1447,62,1238,46,63,0
1529,2022-03-13,1434,65,1241,52,53,0
1530,2022-03-14,1490,57,1290,49,63,0
1531,2022-03-15,1502,44,1290,44,66,0
1532,2022-03-16,1439,41,1260,42,58,0
1533,2022-03-17,1467,39,1258,29,75,0
1534,2022-03-18,1521,44,1307,56,66,0
1535,2022-03-19,1449,58,1254,43,50,0
1536,2022-03-20,1410,65,1203,45,76,0
1537,2022-03-21,1479,62,1269,35,71,0
1538,2022-03-22,1476,75,1214,59,80,1
1539,2022-03-23,1544,78,1314,44,68,0
1540,2022-03-24,1449,60,1222,48,80,0
1541,2022-03-25,1494,62,1252,62,77,0
1542,2022-03-26,1479,57,1276,47,55,0
1543,2022-03-27,1392,42,1230,37,53,0
1544,2022-03-28,1517,44,1309,54,77,0
1545,2022-03-29,1418,41,1225,48,59,0
1546,2022-03-30,1515,49,1253,86,84,0
1547,2022-03-31,1496,62,1248,76,72,0
1548,2022-04-01,1482,44,1280,57,64,0
1549,2022-04-02,1468,58,1258,62,57,0
1550,2022-04-03,1417,52,1241,35,52,0
1551,2022-04-04,1520,54,1258,76,79,1
1552,2022-04-05,1470,44,1270,53,60,0
1553,2022-04-06,1521,38,1316,50,72,0
1554,2022-04-07,1509,38,1303,65,67,1
1555,2022-04-08,1506,44,1281,66,71,0
1556,2022-04-09,1485,59,1287,57,57,0
1557,2022-04-10,1321,34,1161,35,61,0
1558,2022-04-11,1519,38,1324,52,72,0
1559,2022-04-12,1426,54,1216,35,77,0
1560,2022-04-13,1506,71,1280,44,78,0
1561,2022-04-14,1509,64,1262,78,63,0
1562,2022-04-15,1269,38,1083,60,57,1
1563,2022-04-16,1405,59,1199,42,66,0
1564,2022-04-17,1357,54,1170,38,64,0
1565,2022-04-18,1251,34,1108,40,42,0
1566,2022-04-19,1520,56,1315,38,73,0
1567,2022-04-20,1375,40,1173,49,66,1
1568,2022-04-21,1394,52,1208,31,72,0
1569,2022-04-22,1399,40,1202,40,61,0
1570,2022-04-23,1418,50,1223,47,56,0
1571,2022-04-24,1412,59,1189,56,74,0
1572,2022-04-25,1427,52,1225,40,65,0
1573,2022-04-26,1468,59,1256,53,71,0
1574,2022-04-27,1395,49,1187,50,70,0
1575,2022-04-28,1441,57,1240,41,69,0
1576,2022-04-29,1542,52,1309,54,77,0
1577,2022-04-30,1441,59,1252,42,56,0
1578,2022-05-01,1404,59,1227,46,43,0
1579,2022-05-02,1571,63,1340,54,77,0
1580,2022-05-03,1527,44,1321,46,78,0
1581,2022-05-04,1499,68,1274,48,76,0
1582,2022-05-05,1579,41,1372,60,65,1
1583,2022-05-06,1556,51,1326,66,64,0
1584,2022-05-07,1585,77,1361,68,55,0
1585,2022-05-08,1460,52,1253,59,64,0
1586,2022-05-09,1547,62,1338,44,76,1
1587,2022-05-10,1561,56,1317,60,69,0
1588,2022-05-11,1671,62,1400,66,92,0
1589,2022-05-12,1472,49,1247,56,74,0
1590,2022-05-13,1533,53,1319,47,71,1
1591,2022-05-14,1536,61,1314,61,64,0
1592,2022-05-15,1503,64,1290,69,57,0
1593,2022-05-16,1568,65,1345,55,64,0
1594,2022-05-17,1509,54,1310,53,64,0
1595,2022-05-18,1491,43,1294,45,70,0
1596,2022-05-19,1607,61,1345,69,83,0
1597,2022-05-20,1637,75,1387,61,64,0
1598,2022-05-21,1506,48,1253,97,73,1
1599,2022-05-22,1481,52,1298,43,60,0
1600,2022-05-23,1568,52,1336,55,81,0
1601,2022-05-24,1530,55,1292,57,71,1
1602,2022-05-25,1517,51,1297,44,78,0
1603,2022-05-26,1439,65,1210,64,63,0
1604,2022-05-27,1461,49,1223,73,72,0
1605,2022-05-28,1358,41,1164,46,66,0
1606,2022-05-29,1306,47,1136,36,65,0
1607,2022-05-30,1420,45,1221,41,66,0
1608,2022-05-31,1461,43,1244,38,76,0
1609,2022-06-01,1488,51,1295,43,67,1
1610,2022-06-02,1542,44,1345,48,60,0
1611,2022-06-03,1586,47,1363,58,86,0
1612,2022-06-04,1515,50,1304,58,71,0
1613,2022-06-05,1476,52,1292,40,63,0
1614,2022-06-06,1384,46,1175,65,55,0
1615,2022-06-07,1603,34,1404,46,80,0
1616,2022-06-08,1637,49,1412,51,93,0
1617,2022-06-09,1560,63,1328,48,75,0
1618,2022-06-10,1600,60,1346,55,81,0
1619,2022-06-11,1579,62,1376,42,68,0
1620,2022-06-12,1530,76,1304,50,71,0
1621,2022-06-13,1587,66,1324,64,92,0
1622,2022-06-14,1493,58,1274,50,78,2
1623,2022-06-15,1518,51,1305,44,83,0
1624,2022-06-16,1554,59,1326,46,74,0
1625,2022-06-17,1570,59,1333,56,73,0
1626,2022-06-18,1629,66,1377,67,78,0
1627,2022-06-19,1517,63,1248,93,75,1
1628,2022-06-20,1531,41,1320,71,66,0
1629,2022-06-21,1554,47,1336,49,78,0
1630,2022-06-22,1628,64,1397,41,78,0
1631,2022-06-23,1585,62,1327,47,84,2
1632,2022-06-24,1601,62,1307,78,108,0
1633,2022-06-25,1653,62,1400,72,69,0
1634,2022-06-26,1627,55,1395,59,89,0
1635,2022-06-27,1671,51,1414,66,84,0
1636,2022-06-28,1517,51,1286,49,82,0
1637,2022-06-29,1586,52,1368,41,83,0
1638,2022-06-30,1581,55,1349,48,76,0
1639,2022-07-01,1517,52,1298,73,68,0
1640,2022-07-02,1505,47,1309,42,74,0
1641,2022-07-03,1523,68,1317,40,54,1
1642,2022-07-04,1539,54,1318,52,89,0
1643,2022-07-05,1491,60,1267,46,79,0
1644,2022-07-06,1508,49,1303,43,77,0
1645,2022-07-07,1438,45,1213,62,82,0
1646,2022-07-08,1452,39,1251,45,64,0
1647,2022-07-09,1530,42,1325,45,78,3
1648,2022-07-10,1367,56,1174,42,60,0
1649,2022-07-11,1384,40,1200,44,69,0
1650,2022-07-12,1455,57,1243,44,79,0
1651,2022-07-13,1455,59,1233,42,75,0
1652,2022-07-14,1443,60,1211,45,81,0
1653,2022-07-15,1377,47,1166,43,69,0
1654,2022-07-16,1422,57,1215,50,63,1
1655,2022-07-17,1375,54,1190,39,54,0
1656,2022-07-18,1431,46,1225,54,69,0
1657,2022-07-19,1591,63,1338,61,83,0
1658,2022-07-20,1637,84,1368,54,75,0
1659,2022-07-21,1602,61,1365,51,77,1
1660,2022-07-22,1455,37,1266,42,79,0
1661,2022-07-23,1572,50,1379,43,67,0
1662,2022-07-24,1397,51,1217,34,49,0
1663,2022-07-25,1524,59,1293,53,75,0
1664,2022-07-26,1388,40,1179,55,74,0
1665,2022-07-27,1230,38,1045,44,62,0
1666,2022-07-28,1382,53,1204,35,54,0
1667,2022-07-29,1448,45,1237,49,74,0
1668,2022-07-30,1380,49,1192,34,82,1
1669,2022-07-31,1338,53,1170,39,52,0
1670,2022-08-01,1412,57,1207,43,66,0
1671,2022-08-02,1377,44,1168,50,83,0
1672,2022-08-03,1515,58,1286,51,76,1
1673,2022-08-04,1517,80,1257,60,70,1
1674,2022-08-05,1401,38,1197,42,78,0
1675,2022-08-06,1410,65,1219,49,55,0
1676,2022-08-07,1385,67,1167,48,69,0
1677,2022-08-08,1478,58,1260,41,85,0
1678,2022-08-09,1373,59,1164,40,70,0
1679,2022-08-10,1443,66,1207,38,67,0
1680,2022-08-11,1424,57,1193,37,80,0
1681,2022-08-12,1466,57,1227,64,70,0
1682,2022-08-13,1371,57,1192,34,56,0
1683,2022-08-14,1506,84,1279,40,70,0
1684,2022-08-15,1531,61,1272,109,64,0
1685,2022-08-16,1535,49,1311,58,77,0
1686,2022-08-17,1567,58,1338,58,70,1
1687,2022-08-18,1464,59,1254,59,64,1
1688,2022-08-19,1414,45,1165,73,80,0
1689,2022-08-20,1423,45,1215,64,67,0
1690,2022-08-21,1430,48,1203,51,71,0
1691,2022-08-22,1376,46,1187,37,67,0
1692,2022-08-23,1340,38,1159,43,56,0
1693,2022-08-24,1387,62,1168,42,77,0
1694,2022-08-25,1449,50,1201,57,94,0
1695,2022-08-26,1435,64,1135,113,80,0
1696,2022-08-27,1382,52,1181,55,67,0
1697,2022-08-28,1366,36,1196,37,59,0
1698,2022-08-29,1432,45,1213,57,76,0
1699,2022-08-30,1301,37,1120,43,71,1
1700,2022-08-31,1388,70,1156,51,76,0
1701,2022-09-01,1378,57,1167,53,67,0
1702,2022-09-02,1380,42,1169,52,73,0
1703,2022-09-03,1356,58,1153,48,67,0
1704,2022-09-04,1339,59,1141,44,51,0
1705,2022-09-05,1346,44,1154,43,71,0
1706,2022-09-06,1320,56,1140,29,63,0
1707,2022-09-07,1279,63,1072,46,61,0
1708,2022-09-08,1334,57,1109,65,62,0
1709,2022-09-09,1396,56,1202,37,64,0
1710,2022-09-10,1394,61,1192,47,64,0
1711,2022-09-11,1284,54,1102,26,68,0
1712,2022-09-12,1453,37,1245,55,72,0
1713,2022-09-13,1403,42,1205,30,89,0
1714,2022-09-14,1392,52,1177,43,77,0
1715,2022-09-15,1405,44,1212,38,65,0
1716,2022-09-16,1438,47,1202,47,79,0
1717,2022-09-17,1283,41,1110,47,56,0
1718,2022-09-18,1229,42,1059,45,58,0
1719,2022-09-19,1350,41,1150,51,69,0
1720,2022-09-20,1354,43,1178,35,59,0
1721,2022-09-21,1390,52,1168,48,71,0
1722,2022-09-22,1358,47,1156,49,75,0
1723,2022-09-23,1376,47,1166,49,65,0
1724,2022-09-24,1377,44,1188,44,68,0
1725,2022-09-25,1436,50,1255,35,59,0
1726,2022-09-26,1439,57,1244,32,71,1
1727,2022-09-27,1361,55,1146,38,73,0
1728,2022-09-28,1290,43,1119,41,53,0
1729,2022-09-29,1392,43,1197,29,85,0
1730,2022-09-30,1433,52,1234,33,76,0
1731,2022-10-01,1362,40,1168,40,76,1
1732,2022-10-02,1372,33,1187,52,64,0
1733,2022-10-03,1289,37,1145,33,53,0
1734,2022-10-04,1470,44,1264,42,80,0
1735,2022-10-05,1385,48,1192,33,77,0
1736,2022-10-06,1437,54,1217,45,75,0
1737,2022-10-07,1507,63,1273,51,73,0
1738,2022-10-08,1396,40,1218,48,55,0
1739,2022-10-09,1297,51,1115,29,57,1
1740,2022-10-10,1438,57,1235,44,65,0
1741,2022-10-11,1414,47,1219,33,79,0
1742,2022-10-12,1446,53,1257,34,57,0
1743,2022-10-13,1460,60,1235,51,72,0
1744,2022-10-14,1379,36,1191,31,72,0
1745,2022-10-15,1499,60,1251,61,73,0
1746,2022-10-16,1366,51,1174,32,58,0
1747,2022-10-17,1483,49,1278,40,73,1
1748,2022-10-18,1402,49,1185,45,86,0
1749,2022-10-19,1388,45,1196,43,70,0
1750,2022-10-20,1422,51,1185,56,84,0
1751,2022-10-21,1432,50,1224,39,76,0
1752,2022-10-22,1421,47,1242,50,53,0
1753,2022-10-23,1380,48,1200,30,66,0
1754,2022-10-24,1396,52,1210,42,54,0
1755,2022-10-25,1356,43,1165,42,60,0
1756,2022-10-26,1401,58,1188,36,69,0
1757,2022-10-27,1485,54,1266,51,70,0
1758,2022-10-28,1399,48,1191,51,59,0
1759,2022-10-29,1397,69,1203,33,60,0
1760,2022-10-30,1427,61,1242,36,52,0
1761,2022-10-31,1366,74,1126,44,72,0
1762,2022-11-01,1393,47,1178,29,82,0
1763,2022-11-02,1325,43,1131,41,62,0
1764,2022-11-03,1401,33,1210,47,69,0
1765,2022-11-04,1320,48,1115,45,66,0
1766,2022-11-05,1316,42,1134,43,67,0
1767,2022-11-06,1248,47,1076,25,66,0
1768,2022-11-07,1401,34,1207,32,82,1
1769,2022-11-08,1405,49,1189,35,90,0
1770,2022-11-09,1503,50,1272,52,67,0
1771,2022-11-10,1378,41,1186,36,70,0
1772,2022-11-11,1424,51,1200,48,69,0
1773,2022-11-12,1311,53,1113,39,68,0
1774,2022-11-13,1379,42,1231,32,52,1
1775,2022-11-14,1412,52,1213,34,71,0
1776,2022-11-15,1389,44,1207,24,69,0
1777,2022-11-16,1334,56,1139,39,57,0
1778,2022-11-17,1356,54,1129,56,71,0
1779,2022-11-18,1391,49,1174,48,68,0
1780,2022-11-19,1430,67,1196,67,60,1
1781,2022-11-20,1310,44,1122,49,62,1
1782,2022-11-21,1485,45,1274,54,60,0
1783,2022-11-22,1353,56,1162,41,60,0
1784,2022-11-23,1421,57,1192,45,77,1
1785,2022-11-24,1474,48,1251,48,88,1
1786,2022-11-25,1449,56,1229,38,84,0
1787,2022-11-26,1531,38,1334,57,56,0
1788,2022-11-27,1492,53,1292,36,77,0
1789,2022-11-28,1406,48,1232,26,63,0
1790,2022-11-29,1391,40,1215,34,70,0
1791,2022-11-30,1470,38,1279,42,65,0
1792,2022-12-01,1549,30,1351,40,78,0
1793,2022-12-02,1545,42,1361,37,51,0
1794,2022-12-03,1556,48,1340,41,73,0
1795,2022-12-04,1448,35,1268,32,84,0
1796,2022-12-05,1591,52,1360,53,86,0
1797,2022-12-06,1563,52,1362,35,72,0
1798,2022-12-07,1581,44,1364,50,73,0
1799,2022-12-08,1570,37,1384,43,59,0
1800,2022-12-09,1676,41,1447,52,79,0
1801,2022-12-10,1565,48,1345,41,77,0
1802,2022-12-11,1438,36,1260,36,56,0
1803,2022-12-12,1560,40,1362,38,77,0
1804,2022-12-13,1491,44,1293,32,76,0
1805,2022-12-14,1487,59,1248,49,89,0
1806,2022-12-15,1554,56,1329,48,77,0
1807,2022-12-16,1515,71,1297,42,67,0
1808,2022-12-17,1556,52,1329,50,76,0
1809,2022-12-18,1401,38,1206,52,56,0
1810,2022-12-19,1726,61,1515,65,60,0
1811,2022-12-20,1586,54,1351,68,67,0
1812,2022-12-21,1565,32,1342,51,85,0
1813,2022-12-22,1526,49,1289,41,97,0
1814,2022-12-23,1478,34,1256,52,82,0
1815,2022-12-24,1346,38,1150,44,74,0
1816,2022-12-25,1335,51,1128,49,66,0
1817,2022-12-26,1337,38,1169,37,59,0
1818,2022-12-27,1431,45,1246,47,59,0
1819,2022-12-28,1379,48,1175,42,64,0
1820,2022-12-29,1430,49,1218,45,72,0
1821,2022-12-30,1457,68,1232,35,74,0
1822,2022-12-31,1749,327,1264,53,63,0
1823,2023-01-01,2440,573,1690,67,73,0
1824,2023-01-02,1489,65,1282,29,79,0
1825,2023-01-03,1478,61,1261,43,72,0
1826,2023-01-04,1375,51,1151,50,74,0
1827,2023-01-05,1399,55,1159,57,80,0
1828,2023-01-06,1334,49,1121,48,75,1
1829,2023-01-07,1327,51,1160,32,61,0
1830,2023-01-08,1255,34,1096,35,56,0
1831,2023-01-09,1362,35,1188,43,69,0
1832,2023-01-10,1311,48,1137,36,56,0
1833,2023-01-11,1362,31,1186,31,76,1
1834,2023-01-12,1363,34,1169,53,68,0
1835,2023-01-13,1397,36,1195,52,64,0
1836,2023-01-14,1248,42,1080,44,50,0
1837,2023-01-15,1215,44,1032,45,65,0
1838,2023-01-16,1408,59,1218,34,57,0
1839,2023-01-17,1331,53,1116,34,83,0
1840,2023-01-18,1314,45,1126,34,57,0
1841,2023-01-19,1319,41,1139,32,65,0
1842,2023-01-20,1210,45,1019,32,66,0
1843,2023-01-21,1287,43,1096,52,60,1
1844,2023-01-22,1193,39,1035,41,53,0
1845,2023-01-23,1313,37,1119,33,89,0
1846,2023-01-24,1228,38,1040,32,65,0
1847,2023-01-25,1252,48,1076,30,59,0
1848,2023-01-26,1319,47,1144,30,59,0
1849,2023-01-27,1313,55,1111,43,67,0
1850,2023-01-28,1298,53,1118,44,46,0
1851,2023-01-29,1202,25,1044,44,53,0
1852,2023-01-30,1338,38,1120,59,66,0
1853,2023-01-31,1422,38,1193,73,77,0
1854,2023-02-01,1345,39,1149,70,56,1
1855,2023-02-02,1377,43,1165,57,70,0
1856,2023-02-03,1506,51,1143,184,67,0
1857,2023-02-04,1384,57,1175,64,60,0
1858,2023-02-05,1222,50,1048,30,63,0
1859,2023-02-06,1367,43,1165,55,61,0
1860,2023-02-07,1313,45,1102,53,73,0
1861,2023-02-08,1228,45,1049,40,65,0
1862,2023-02-09,1341,44,1149,50,58,0
1863,2023-02-10,1291,42,1110,33,66,0
1864,2023-02-11,1369,49,1191,43,56,0
1865,2023-02-12,1293,36,1121,42,59,0
1866,2023-02-13,1523,43,1329,46,59,0
1867,2023-02-14,1288,32,1115,48,51,0
1868,2023-02-15,1427,63,1209,49,76,0
1869,2023-02-16,1431,48,1236,33,76,0
1870,2023-02-17,1397,29,1158,83,81,0
1871,2023-02-18,1320,35,1136,60,63,0
1872,2023-02-19,1266,35,1110,38,55,0
1873,2023-02-20,1466,36,1272,56,65,0
1874,2023-02-21,1389,40,1195,54,64,0
1875,2023-02-22,1437,46,1240,35,70,0
1876,2023-02-23,1365,38,1191,35,59,0
1877,2023-02-24,1353,50,1157,38,71,0
1878,2023-02-25,1280,28,1111,47,61,0
1879,2023-02-26,1187,28,1039,28,54,0
1880,2023-02-27,1417,41,1234,44,58,0
1881,2023-02-28,1384,43,1208,35,62,0
1882,2023-03-01,1360,44,1172,48,63,0
1883,2023-03-02,1383,42,1206,26,68,0
1884,2023-03-03,1374,38,1184,45,56,0
1885,2023-03-04,1381,39,1205,30,67,0
1886,2023-03-05,1272,42,1127,23,55,0
1887,2023-03-06,1394,46,1192,48,77,0
1888,2023-03-07,1325,36,1151,59,58,0
1889,2023-03-08,1221,32,1068,34,59,0
1890,2023-03-09,1412,42,1229,49,61,0
1891,2023-03-10,1435,44,1218,58,79,0
1892,2023-03-11,1330,31,1131,62,67,0
1893,2023-03-12,1337,49,1159,39,68,0
1894,2023-03-13,1523,52,1324,52,58,0
1895,2023-03-14,1459,42,1227,71,78,0
1896,2023-03-15,1403,25,1228,50,59,1
1897,2023-03-16,1470,42,1279,42,63,0
1898,2023-03-17,1468,46,1252,44,79,0
1899,2023-03-18,1455,64,1245,39,71,0
1900,2023-03-19,1321,38,1150,39,58,0
1901,2023-03-20,1500,33,1322,29,68,1
1902,2023-03-21,1316,39,1155,36,55,0
1903,2023-03-22,1412,42,1250,38,50,0
1904,2023-03-23,1371,39,1189,44,52,0
1905,2023-03-24,1314,46,1136,48,47,0
1906,2023-03-25,1361,38,1210,32,50,0
1907,2023-03-26,1304,37,1147,32,58,0
1908,2023-03-27,1372,50,1170,40,70,0
1909,2023-03-28,1354,55,1157,33,69,0
1910,2023-03-29,1319,51,1134,32,68,0
1911,2023-03-30,1456,44,1258,47,72,0
1912,2023-03-31,1494,50,1271,50,82,0
1913,2023-04-01,1356,27,1169,67,59,0
1914,2023-04-02,1251,32,1104,42,44,0
1915,2023-04-03,1379,63,1162,40,72,0
1916,2023-04-04,1287,50,1113,38,57,0
1917,2023-04-05,1302,56,1091,33,87,0
1918,2023-04-06,1334,44,1133,39,67,0
1919,2023-04-07,1128,44,963,41,47,0
1920,2023-04-08,1250,33,1089,32,71,0
1921,2023-04-09,1253,48,1078,46,62,0
1922,2023-04-10,1217,36,1062,40,53,0
1923,2023-04-11,1328,44,1123,65,66,0
1924,2023-04-12,1277,52,1083,37,70,0
1925,2023-04-13,1275,41,1115,27,63,0
1926,2023-04-14,1289,45,1077,53,58,0
1927,2023-04-15,1273,33,1068,69,68,0
1928,2023-04-16,1219,27,1055,55,44,0
1929,2023-04-17,1327,30,1145,52,71,0
1930,2023-04-18,1287,50,1093,39,66,0
1931,2023-04-19,1339,36,1147,39,80,0
1932,2023-04-20,1336,42,1130,54,61,0
1933,2023-04-21,1474,56,1258,52,76,0
1934,2023-04-22,1513,58,1278,63,81,0
1935,2023-04-23,1329,38,1138,61,60,0
1936,2023-04-24,1451,42,1275,40,57,0
1937,2023-04-25,1287,43,1086,45,71,0
1938,2023-04-26,1356,56,1145,41,73,0
1939,2023-04-27,1346,40,1164,45,60,0
1940,2023-04-28,1382,35,1178,45,66,0
1941,2023-04-29,1374,45,1186,56,60,0
1942,2023-04-30,1453,54,1253,50,61,0
1943,2023-05-01,1431,62,1230,42,58,0
1944,2023-05-02,1476,46,1292,42,62,1
1945,2023-05-03,1356,50,1145,50,65,0
1946,2023-05-04,1421,55,1221,48,66,1
1947,2023-05-05,1457,60,1232,66,54,0
1948,2023-05-06,1258,47,1078,50,49,0
1949,2023-05-07,1317,54,1148,44,46,1
1950,2023-05-08,1369,53,1175,46,64,0
1951,2023-05-09,1396,49,1168,53,79,0
1952,2023-05-10,1441,52,1233,40,69,0
1953,2023-05-11,1448,45,1236,53,68,2
1954,2023-05-12,1496,57,1251,63,77,0
1955,2023-05-13,1490,47,1278,53,76,0
1956,2023-05-14,1336,51,1128,48,78,0
1957,2023-05-15,1469,51,1251,64,66,0
1958,2023-05-16,1340,49,1135,33,78,0
1959,2023-05-17,1354,62,1156,39,61,0
1960,2023-05-18,1270,46,1095,43,58,0
1961,2023-05-19,1344,59,1143,47,63,0
1962,2023-05-20,1330,45,1137,46,66,0
1963,2023-05-21,1432,62,1221,53,65,0
1964,2023-05-22,1524,55,1315,49,72,0
1965,2023-05-23,1338,37,1157,57,53,0
1966,2023-05-24,1353,57,1126,36,78,0
1967,2023-05-25,1397,65,1181,44,68,0
1968,2023-05-26,1385,57,1169,46,64,0
1969,2023-05-27,1378,65,1162,59,55,0
1970,2023-05-28,1454,75,1232,61,55,0
1971,2023-05-29,1264,69,1049,55,61,0
1972,2023-05-30,1410,84,1138,73,84,0
1973,2023-05-31,1469,83,1234,51,62,0
1974,2023-06-01,1483,72,1247,49,69,0
1975,2023-06-02,1440,57,1207,55,75,0
1976,2023-06-03,1353,81,1125,50,61,0
1977,2023-06-04,1364,84,1145,61,49,0
1978,2023-06-05,1507,90,1269,54,55,1
1979,2023-06-06,1490,64,1277,43,65,0
1980,2023-06-07,1480,82,1208,55,87,0
1981,2023-06-08,1539,75,1280,64,75,0
1982,2023-06-09,1555,86,1270,82,65,0
1983,2023-06-10,1433,55,1213,52,71,0
1984,2023-06-11,1386,79,1161,61,59,0
1985,2023-06-12,1536,90,1269,60,76,0
1986,2023-06-13,1431,71,1191,66,64,0
1987,2023-06-14,1411,59,1204,52,59,0
1988,2023-06-15,1394,49,1187,47,72,0
1989,2023-06-16,1487,57,1242,78,74,0
1990,2023-06-17,1382,37,1180,72,57,0
1991,2023-06-18,1415,58,1217,49,55,0
1992,2023-06-19,1474,50,1287,53,50,0
1993,2023-06-20,1462,56,1219,75,70,1
1994,2023-06-21,1510,54,1279,70,73,1
1995,2023-06-22,1576,59,1297,96,73,0
1996,2023-06-23,1573,57,1171,207,84,0
1997,2023-06-24,1481,53,1258,79,54,0
1998,2023-06-25,1432,48,1225,61,72,0
1999,2023-06-26,1893,78,1317,380,83,0
2000,2023-06-27,1450,52,1160,160,49,0
2001,2023-06-28,1465,67,1206,76,72,0
2002,2023-06-29,1537,58,1294,72,65,0
2003,2023-06-30,1489,48,1279,53,71,0
2004,2023-07-01,1435,58,1214,68,61,0
2005,2023-07-02,1321,46,1156,49,46,0
2006,2023-07-03,1478,59,1244,77,62,0
2007,2023-07-04,1404,57,1189,61,66,1
2008,2023-07-05,1460,55,1262,40,65,1
2009,2023-07-06,1457,63,1258,59,52,0
2010,2023-07-07,1476,71,1259,51,71,0
2011,2023-07-08,1652,69,1421,73,63,0
2012,2023-07-09,1417,55,1193,68,69,0
2013,2023-07-10,1529,47,1324,53,70,0
2014,2023-07-11,1582,54,1323,72,79,1
2015,2023-07-12,1464,45,1249,55,81,0
2016,2023-07-13,1505,56,1255,75,82,1
2017,2023-07-14,1520,64,1285,50,79,0
2018,2023-07-15,1484,73,1243,63,73,0
2019,2023-07-16,1525,69,1281,63,80,0
2020,2023-07-17,1458,70,1224,51,69,0
2021,2023-07-18,1408,51,1188,59,70,0
2022,2023-07-19,1425,56,1227,41,65,0
2023,2023-07-20,1329,45,1113,60,64,0
2024,2023-07-21,1285,56,1077,59,64,0
2025,2023-07-22,1436,53,1260,53,48,1
2026,2023-07-23,1253,49,1061,58,51,0
2027,2023-07-24,1755,74,1165,411,62,0
2028,2023-07-25,1431,46,1112,187,55,1
2029,2023-07-26,1299,43,1101,57,69,0
2030,2023-07-27,1255,44,1058,49,60,0
2031,2023-07-28,1359,48,1119,91,59,0
2032,2023-07-29,1449,62,1133,134,73,0
2033,2023-07-30,1327,50,1134,47,70,0
2034,2023-07-31,1342,39,1130,67,60,0
2035,2023-08-01,1324,46,1117,63,66,0
2036,2023-08-02,1278,46,1077,53,63,0
2037,2023-08-03,1343,42,1104,83,77,0
2038,2023-08-04,1343,49,1151,51,64,1
2039,2023-08-05,1342,51,1155,57,54,1
2040,2023-08-06,1236,35,1062,52,56,0
2041,2023-08-07,1335,41,1132,65,58,0
2042,2023-08-08,1288,46,1085,67,58,1
2043,2023-08-09,1273,47,1103,40,52,0
2044,2023-08-10,1332,50,1152,32,62,0
2045,2023-08-11,1346,55,1141,60,52,0
2046,2023-08-12,1318,59,1140,35,55,0
2047,2023-08-13,1339,52,1144,53,53,0
2048,2023-08-14,1532,62,1286,76,77,0
2049,2023-08-15,1527,59,1266,85,69,0
2050,2023-08-16,1438,60,1211,64,75,0
2051,2023-08-17,1384,56,1170,48,66,0
2052,2023-08-18,1466,60,1255,55,55,0
2053,2023-08-19,1425,69,1205,47,73,0
2054,2023-08-20,1365,52,1162,56,69,0
2055,2023-08-21,1419,36,1234,44,61,0
2056,2023-08-22,1401,55,1202,44,66,0
2057,2023-08-23,1387,44,1180,56,67,0
2058,2023-08-24,1431,44,1256,44,54,0
2059,2023-08-25,1421,49,1218,45,67,0
2060,2023-08-26,1413,41,1246,44,52,0
2061,2023-08-27,1190,39,1033,45,50,0
2062,2023-08-28,1287,49,1099,42,69,0
2063,2023-08-29,1311,53,1118,51,63,1
2064,2023-08-30,1317,50,1146,36,57,0
2065,2023-08-31,1319,58,1109,40,72,0
2066,2023-09-01,1403,55,1173,59,68,0
2067,2023-09-02,1425,69,1211,48,53,0
2068,2023-09-03,1373,46,1209,54,36,0
2069,2023-09-04,1454,66,1259,44,54,0
2070,2023-09-05,1534,58,1301,53,71,1
2071,2023-09-06,1539,57,1309,55,71,0
2072,2023-09-07,1530,49,1334,45,61,0
2073,2023-09-08,1443,59,1248,51,50,0
2074,2023-09-09,1509,67,1292,45,65,1
2075,2023-09-10,1498,81,1247,65,75,1
2076,2023-09-11,1611,66,1349,51,90,0
2077,2023-09-12,1487,49,1266,53,78,1
2078,2023-09-13,1355,50,1143,61,65,0
2079,2023-09-14,1424,55,1217,43,73,0
2080,2023-09-15,1453,46,1232,46,95,0
2081,2023-09-16,1444,51,1235,61,60,0
2082,2023-09-17,1441,66,1235,50,56,1
2083,2023-09-18,1470,59,1289,34,50,0
2084,2023-09-19,1380,47,1188,39,74,0
2085,2023-09-20,1420,47,1229,35,60,1
2086,2023-09-21,1544,51,1317,47,79,0
2087,2023-09-22,1453,47,1206,63,78,0
2088,2023-09-23,1397,49,1216,41,62,1
2089,2023-09-24,1321,51,1154,30,41,2
2090,2023-09-25,1409,49,1202,37,81,0
2091,2023-09-26,1437,61,1228,42,64,1
2092,2023-09-27,1457,66,1240,43,72,0
2093,2023-09-28,1533,61,1298,38,84,0
2094,2023-09-29,1489,60,1263,52,74,1
2095,2023-09-30,1504,63,1285,58,59,1
2096,2023-10-01,1337,59,1152,44,54,0
2097,2023-10-02,1481,66,1242,43,84,0
2098,2023-10-03,1260,54,1054,56,58,1
2099,2023-10-04,1420,41,1253,39,56,1
2100,2023-10-05,1365,58,1153,41,73,0
2101,2023-10-06,1446,49,1231,54,71,0
2102,2023-10-07,1465,54,1256,59,67,0
2103,2023-10-08,1312,52,1137,45,55,0
2104,2023-10-09,1417,47,1221,42,68,0
2105,2023-10-10,1411,55,1210,52,59,0
2106,2023-10-11,1517,53,1312,44,75,0
2107,2023-10-12,1496,57,1287,39,69,1
2108,2023-10-13,1465,39,1268,49,62,0
2109,2023-10-14,1414,63,1204,61,55,0
2110,2023-10-15,1303,58,1107,42,48,0
2111,2023-10-16,1382,46,1204,38,61,0
2112,2023-10-17,1410,51,1207,41,61,0
2113,2023-10-18,1523,72,1293,50,63,1
2114,2023-10-19,1422,51,1200,48,80,1
2115,2023-10-20,1436,36,1193,81,78,0
2116,2023-10-21,1475,52,1277,62,59,0
2117,2023-10-22,1395,58,1210,41,62,0
2118,2023-10-23,1450,56,1241,37,78,0
2119,2023-10-24,1428,52,1202,42,84,0
2120,2023-10-25,1471,40,1280,45,66,0
2121,2023-10-26,1425,45,1194,77,70,0
2122,2023-10-27,1366,50,1138,44,91,0
2123,2023-10-28,1476,40,1293,46,59,0
2124,2023-10-29,1452,55,1229,48,69,0
2125,2023-10-30,1502,41,1319,42,68,1
2126,2023-10-31,1500,54,1282,49,73,0
2127,2023-11-01,1520,51,1315,32,75,0
2128,2023-11-02,1421,38,1242,28,64,0
2129,2023-11-03,1475,38,1287,41,61,0
2130,2023-11-04,1444,32,1251,41,71,0
2131,2023-11-05,1379,46,1204,30,63,0
2132,2023-11-06,1441,47,1254,32,71,1
2133,2023-11-07,1447,50,1254,32,77,0
2134,2023-11-08,1400,45,1207,45,60,1
2135,2023-11-09,1425,38,1234,36,78,1
2136,2023-11-10,1442,38,1263,27,68,0
2137,2023-11-11,1414,47,1212,43,73,1
2138,2023-11-12,1353,41,1159,51,70,0
2139,2023-11-13,1381,29,1216,30,71,0
2140,2023-11-14,1465,37,1269,45,79,0
2141,2023-11-15,1481,38,1272,38,80,0
2142,2023-11-16,1446,46,1244,50,58,0
2143,2023-11-17,1419,47,1220,39,66,0
2144,2023-11-18,1410,38,1246,37,53,1
2145,2023-11-19,1362,39,1167,55,64,1
2146,2023-11-20,1499,45,1277,55,83,0
2147,2023-11-21,1415,37,1222,49,68,0
2148,2023-11-22,1467,45,1256,50,77,0
2149,2023-11-23,1505,54,1259,73,70,0
2150,2023-11-24,1522,41,1305,60,77,0
2151,2023-11-25,1470,60,1240,52,74,1
2152,2023-11-26,1366,42,1174,45,59,0
2153,2023-11-27,1526,36,1320,44,88,0
2154,2023-11-28,1493,40,1255,58,91,0
2155,2023-11-29,1522,50,1303,53,68,0
2156,2023-11-30,1529,49,1318,48,68,0
2157,2023-12-01,1655,51,1423,60,83,0
2158,2023-12-02,1656,50,1417,68,88,0
2159,2023-12-03,1554,36,1363,58,57,0
2160,2023-12-04,1528,38,1307,49,81,0
2161,2023-12-05,1538,47,1325,44,74,0
2162,2023-12-06,1482,45,1280,52,66,0
2163,2023-12-07,1524,56,1305,56,76,0
2164,2023-12-08,1571,45,1346,52,84,0
2165,2023-12-09,1563,34,1366,50,74,0
2166,2023-12-10,1482,46,1269,55,73,0
2167,2023-12-11,1661,41,1424,62,89,1
2168,2023-12-12,1579,42,1388,40,63,1
2169,2023-12-13,1560,32,1366,53,70,0
2170,2023-12-14,1654,38,1447,49,77,0
2171,2023-12-15,1550,40,1331,59,72,0
2172,2023-12-16,1652,47,1467,44,66,0
2173,2023-12-17,1585,43,1366,35,90,0
2174,2023-12-18,1533,43,1322,44,77,0
2175,2023-12-19,1466,36,1267,46,73,0
2176,2023-12-20,1521,47,1315,46,73,1
2177,2023-12-21,1578,42,1335,85,65,0
2178,2023-12-22,1571,47,1303,94,70,0
2179,2023-12-23,1430,30,1231,48,74,0
2180,2023-12-24,1455,64,1238,65,65,0
2181,2023-12-25,1407,51,1178,85,63,0
2182,2023-12-26,1368,27,1158,90,54,0
2183,2023-12-27,1469,43,1275,42,61,0
2184,2023-12-28,1432,60,1233,37,67,0
2185,2023-12-29,1563,59,1319,50,78,0
2186,2023-12-30,1512,75,1290,36,69,0
2187,2023-12-31,1506,217,1129,40,65,0
2188,2024-01-01,2341,564,1606,70,66,1
2189,2024-01-02,1493,46,1281,45,86,0
2190,2024-01-03,1502,36,1325,33,69,1
2191,2024-01-04,1464,50,1251,48,73,0
2192,2024-01-05,1479,48,1252,41,83,0
2193,2024-01-06,1363,35,1184,47,63,0
2194,2024-01-07,1330,51,1165,29,54,0
2195,2024-01-08,1426,50,1221,56,57,0
2196,2024-01-09,1419,72,1173,62,70,0
2197,2024-01-10,1429,70,1183,64,65,0
2198,2024-01-11,1678,46,1456,70,80,0
2199,2024-01-12,1704,52,1487,67,62,0
2200,2024-01-13,1470,41,1254,62,90,0
2201,2024-01-14,1365,43,1191,53,46,0
2202,2024-01-15,1528,52,1314,61,60,1
2203,2024-01-16,1467,35,1293,40,63,0
2204,2024-01-17,1518,36,1339,41,68,0
2205,2024-01-18,1480,34,1304,40,68,0
2206,2024-01-19,1476,42,1264,45,76,0
2207,2024-01-20,1426,47,1248,46,55,0
2208,2024-01-21,1401,36,1233,42,59,0
2209,2024-01-22,1535,49,1312,53,72,0
2210,2024-01-23,1526,44,1325,42,66,0
2211,2024-01-24,1655,55,1317,148,85,1
2212,2024-01-25,1536,41,1315,66,60,1
2213,2024-01-26,1466,46,1265,48,65,0
2214,2024-01-27,1464,41,1297,39,59,0
2215,2024-01-28,1422,40,1239,45,63,0
2216,2024-01-29,1553,50,1347,44,75,0
2217,2024-01-30,1475,50,1273,49,71,1
2218,2024-01-31,1473,46,1266,39,72,1
2219,2024-02-01,1491,41,1308,43,67,0
2220,2024-02-02,1487,38,1296,44,74,0
2221,2024-02-03,1527,45,1330,56,60,1
2222,2024-02-04,1338,31,1202,32,47,0
2223,2024-02-05,1475,44,1248,68,72,0
2224,2024-02-06,1498,47,1306,51,50,0
2225,2024-02-07,1397,31,1235,42,58,0
2226,2024-02-08,1423,36,1230,42,56,0
2227,2024-02-09,1467,58,1243,55,60,0
2228,2024-02-10,1465,57,1241,63,62,0
2229,2024-02-11,1327,36,1155,54,53,0
2230,2024-02-12,1558,38,1358,44,74,0
2231,2024-02-13,1379,49,1199,41,55,0
2232,2024-02-14,1459,40,1250,51,80,0
2233,2024-02-15,1552,47,1328,47,79,0
2234,2024-02-16,1463,49,1263,41,65,1
2235,2024-02-17,1410,50,1206,62,56,0
2236,2024-02-18,1370,46,1211,30,43,0
2237,2024-02-19,1458,38,1249,53,86,0
2238,2024-02-20,1413,35,1219,52,60,0
2239,2024-02-21,1443,35,1261,55,58,0
2240,2024-02-22,1470,57,1273,44,61,0
2241,2024-02-23,1433,45,1238,45,62,0
2242,2024-02-24,1357,47,1176,40,64,0
2243,2024-02-25,1347,53,1184,28,50,0
2244,2024-02-26,1411,40,1196,38,86,1
2245,2024-02-27,1364,41,1180,31,65,0
2246,2024-02-28,1370,38,1205,38,59,0
2247,2024-02-29,1435,56,1234,44,63,0
2248,2024-03-01,1523,46,1312,52,70,0
2249,2024-03-02,1490,53,1320,36,52,1
2250,2024-03-03,1435,54,1244,41,63,0
